"","OTU1","OTU2","WEIGHT"
"1","cc10d1bb38230b60fe642a25e940afa8","49833122909c5a3b9bb6d76a554500be",1
"2","cc10d1bb38230b60fe642a25e940afa8","57a871703b99d58348ab14feb7e47ab5",1
"3","cc10d1bb38230b60fe642a25e940afa8","5a852f4c71de6ca73ff346892435db0c",1
"4","cc10d1bb38230b60fe642a25e940afa8","ffcb9e0979248b4bc0d2074c8ecf40b3",1
"5","cc10d1bb38230b60fe642a25e940afa8","8e0bc807be0124430f6be554b3b6decf",1
"6","cc10d1bb38230b60fe642a25e940afa8","fc76b8bb39a352f7fd12a7ce4ef34cb5",1
"7","cc10d1bb38230b60fe642a25e940afa8","c3ca5a009ce3f896cf0888a693813ff9",1
"8","cc10d1bb38230b60fe642a25e940afa8","a9d57835ce1de4a32c729b436a0baaf3",1
"9","cc10d1bb38230b60fe642a25e940afa8","2bb011af9120d953473f129b19d5fbd1",1
"10","cc10d1bb38230b60fe642a25e940afa8","b4851b0f36ec65cd82d82946e4945cde",1
"11","cc10d1bb38230b60fe642a25e940afa8","27b6e338e4f7ef9e79097bdf62ef4d59",1
"12","cc10d1bb38230b60fe642a25e940afa8","50f576b5c4f5d95cba5e2aa78a9df5a3",1
"13","cc10d1bb38230b60fe642a25e940afa8","db14b2ac362fbe2d2ad77b4c675f079e",1
"14","cc10d1bb38230b60fe642a25e940afa8","33b39c996dde92933cc7634fddc997c4",1
"15","cc10d1bb38230b60fe642a25e940afa8","OTU178",1
"16","cc10d1bb38230b60fe642a25e940afa8","OTU18",1
"17","cc10d1bb38230b60fe642a25e940afa8","OTU2158",1
"18","cc10d1bb38230b60fe642a25e940afa8","OTU23",1
"19","cc10d1bb38230b60fe642a25e940afa8","OTU24",1
"20","cc10d1bb38230b60fe642a25e940afa8","OTU42",1
"21","cc10d1bb38230b60fe642a25e940afa8","OTU6",1
"22","01a715d8069715b2998f23c9b10112e7","5a852f4c71de6ca73ff346892435db0c",1
"23","01a715d8069715b2998f23c9b10112e7","0741e05420edd6a9997a157ea85fde20",1
"24","01a715d8069715b2998f23c9b10112e7","192b7b2d1098dcc58e64cb1ed109cccf",1
"25","01a715d8069715b2998f23c9b10112e7","07fc6cc273d8bf4b36191e8cabe3a090",1
"26","01a715d8069715b2998f23c9b10112e7","58343ded4183674f1c83b3a1bfaa59a6",1
"27","01a715d8069715b2998f23c9b10112e7","2c727e83bb44502e1bc6e2f47a4d533a",1
"28","01a715d8069715b2998f23c9b10112e7","a9d57835ce1de4a32c729b436a0baaf3",1
"29","01a715d8069715b2998f23c9b10112e7","f3dff17693fcf5a48ea7c59ae75780ee",1
"30","01a715d8069715b2998f23c9b10112e7","761f694ea6cad51c1b7feeaafdfaa2f6",1
"31","01a715d8069715b2998f23c9b10112e7","27b6e338e4f7ef9e79097bdf62ef4d59",1
"32","01a715d8069715b2998f23c9b10112e7","c720c55c8d2bd189e4604673d9c48b34",1
"33","01a715d8069715b2998f23c9b10112e7","50f576b5c4f5d95cba5e2aa78a9df5a3",1
"34","01a715d8069715b2998f23c9b10112e7","2b849c1e9e6bb94c4136743ea558781c",1
"35","01a715d8069715b2998f23c9b10112e7","ceff1c2978a43424d660f05f3263feed",1
"36","01a715d8069715b2998f23c9b10112e7","f01a5f290ebb5d276a83dc34015870a6",1
"37","01a715d8069715b2998f23c9b10112e7","OTU21",1
"38","8a690f5a588f7258e2259018cb6d2912","4c0f74d4f5f029d5b677c9309984e603",1
"39","8a690f5a588f7258e2259018cb6d2912","cafc331a95da92110d5230dc87a2aa49",1
"40","8a690f5a588f7258e2259018cb6d2912","66514fda820203e68b85307cb3759ac2",1
"41","8a690f5a588f7258e2259018cb6d2912","5a852f4c71de6ca73ff346892435db0c",1
"42","8a690f5a588f7258e2259018cb6d2912","0741e05420edd6a9997a157ea85fde20",1
"43","8a690f5a588f7258e2259018cb6d2912","07fc6cc273d8bf4b36191e8cabe3a090",1
"44","8a690f5a588f7258e2259018cb6d2912","fc76b8bb39a352f7fd12a7ce4ef34cb5",1
"45","8a690f5a588f7258e2259018cb6d2912","c625fbc8a2a739bab190c5695a2b21a6",1
"46","8a690f5a588f7258e2259018cb6d2912","4dd789de56eb68541e50a4fec77109c1",1
"47","8a690f5a588f7258e2259018cb6d2912","2c2c37b8f97d2890bd0735855fab9532",1
"48","8a690f5a588f7258e2259018cb6d2912","c71dd526a00b97511fa0b1e76c83ae2a",1
"49","8a690f5a588f7258e2259018cb6d2912","5b3cd0f239da5afed6119a89de184a0c",1
"50","8a690f5a588f7258e2259018cb6d2912","OTU280",1
"51","f055c4350968226dd57b3d97586bc89d","1cd19abd1344268e4499a33b2f0fce42",1
"52","c87d28c436686dfe0189f6a28575c73b","44cd01db3765835607128102caf88504",1
"53","c87d28c436686dfe0189f6a28575c73b","cb4834ba2f218146305eb38843fcf53e",1
"54","c87d28c436686dfe0189f6a28575c73b","58b8e117443bf7c8b7718b9190e4348b",1
"55","c87d28c436686dfe0189f6a28575c73b","2c34e2c8d662ac7017ee434f86fb4727",1
"56","c87d28c436686dfe0189f6a28575c73b","084082af1ad65fb72e78591c5c6c4ce8",1
"57","c87d28c436686dfe0189f6a28575c73b","4b27cfcd245f7ffee8d0f9551260ff53",1
"58","c87d28c436686dfe0189f6a28575c73b","b9167aefa2a9ca58748d63f51d8d312b",1
"59","c87d28c436686dfe0189f6a28575c73b","a053a5ac8bbe5e6ca074256d79eb4373",1
"60","c87d28c436686dfe0189f6a28575c73b","6a976dd01a81eb89bbf0dba29ea4a167",1
"61","c87d28c436686dfe0189f6a28575c73b","47cd034e51afa82f6f5423ade7e81206",1
"62","c87d28c436686dfe0189f6a28575c73b","9850125501739ee2cdce7385b5966e41",1
"63","c87d28c436686dfe0189f6a28575c73b","OTU154",1
"64","b0a4bb8e794a0671068e78ccd9149aed","ba703cc4db43e62edc4ec5339f1a1b08",1
"65","b0a4bb8e794a0671068e78ccd9149aed","e4fe1228e51ec88409df5332e0a1c6e0",1
"66","b0a4bb8e794a0671068e78ccd9149aed","a0dbc70bedad2d55da18380954542f98",1
"67","b0a4bb8e794a0671068e78ccd9149aed","b408c66bb8f44f0cfeac683e63ef40b3",1
"68","b0a4bb8e794a0671068e78ccd9149aed","OTU1081",1
"69","b0a4bb8e794a0671068e78ccd9149aed","OTU1812",1
"70","b0a4bb8e794a0671068e78ccd9149aed","OTU232",1
"71","b0a4bb8e794a0671068e78ccd9149aed","OTU78",1
"72","7944d2e2e13b3ad37c67f0955391d666","c3ca5a009ce3f896cf0888a693813ff9",1
"73","7944d2e2e13b3ad37c67f0955391d666","f2bc3e83cc1efa9255f78892b0f590b6",1
"74","7944d2e2e13b3ad37c67f0955391d666","c625fbc8a2a739bab190c5695a2b21a6",1
"75","7944d2e2e13b3ad37c67f0955391d666","2c2c37b8f97d2890bd0735855fab9532",1
"76","7944d2e2e13b3ad37c67f0955391d666","OTU229",1
"77","2b20ac531756b2f23f68048a3864952c","8b5f042567618459730566261a02828a",1
"78","2b20ac531756b2f23f68048a3864952c","24564862f1eec0beec389746f6658551",1
"79","2b20ac531756b2f23f68048a3864952c","7132c215ecbc5958ec5192a5fc55fd35",1
"80","2b20ac531756b2f23f68048a3864952c","ceff1c2978a43424d660f05f3263feed",1
"81","2b20ac531756b2f23f68048a3864952c","OTU2347",1
"82","2b20ac531756b2f23f68048a3864952c","OTU50",1
"83","2b20ac531756b2f23f68048a3864952c","OTU66",1
"84","44cd01db3765835607128102caf88504","a0b3e7b8d58a6dcbd15e707f1c61f670",1
"85","44cd01db3765835607128102caf88504","8e8e1cedbe29312463d9538cba5c70f8",1
"86","44cd01db3765835607128102caf88504","a1075a3bd0c83391f77dc55b69df5fa9",1
"87","44cd01db3765835607128102caf88504","dbc5c174ae5e8116cc39c3e54931d06f",1
"88","44cd01db3765835607128102caf88504","4b27cfcd245f7ffee8d0f9551260ff53",1
"89","44cd01db3765835607128102caf88504","512c63340f7b092bf0ad87e9f4e51572",1
"90","44cd01db3765835607128102caf88504","e1aea782db8e335653217f5d2cc31449",1
"91","44cd01db3765835607128102caf88504","2539e1e5a5a0ea3e487e5a3a38d91dd0",1
"92","44cd01db3765835607128102caf88504","39b14aa245f5d1dc0af6a93149e3be0c",1
"93","44cd01db3765835607128102caf88504","72ecb09d59b6fb01f6fffe723e2407bb",1
"94","44cd01db3765835607128102caf88504","6a976dd01a81eb89bbf0dba29ea4a167",1
"95","44cd01db3765835607128102caf88504","7f970af5fa5e35322357b38696207e9f",1
"96","44cd01db3765835607128102caf88504","9850125501739ee2cdce7385b5966e41",1
"97","4c0f74d4f5f029d5b677c9309984e603","61cf7fc987dcf102b6f918fa01c7b73f",1
"98","4c0f74d4f5f029d5b677c9309984e603","58343ded4183674f1c83b3a1bfaa59a6",1
"99","4c0f74d4f5f029d5b677c9309984e603","c720c55c8d2bd189e4604673d9c48b34",1
"100","4c0f74d4f5f029d5b677c9309984e603","3255b1f04486e829d0a352f9428e22df",1
"101","4c0f74d4f5f029d5b677c9309984e603","9ad502a95b6e6ddf4de579cfa129339c",1
"102","4c0f74d4f5f029d5b677c9309984e603","f01a5f290ebb5d276a83dc34015870a6",1
"103","4c0f74d4f5f029d5b677c9309984e603","182bf0fe4c1df3b4d65c00b4c00a1c01",1
"104","4c0f74d4f5f029d5b677c9309984e603","9d2d4b5b40670ce94d055e23bd6903f5",1
"105","4c0f74d4f5f029d5b677c9309984e603","5b3cd0f239da5afed6119a89de184a0c",1
"106","8f6b56cf715ed57818e64c62b87ad6e4","57a871703b99d58348ab14feb7e47ab5",1
"107","8f6b56cf715ed57818e64c62b87ad6e4","9f15d5506cdf87747478cad0bde30cf1",1
"108","8f6b56cf715ed57818e64c62b87ad6e4","e131a984c4a16994ff97d6f81d301400",1
"109","8f6b56cf715ed57818e64c62b87ad6e4","717a29ca40a16654c3385435387c3d25",1
"110","8f6b56cf715ed57818e64c62b87ad6e4","61cf7fc987dcf102b6f918fa01c7b73f",1
"111","8f6b56cf715ed57818e64c62b87ad6e4","cd1dc4908d042de04d57cfc691710ec1",1
"112","8f6b56cf715ed57818e64c62b87ad6e4","20f2649f6a0c36aa6459301019e2cb0a",1
"113","8f6b56cf715ed57818e64c62b87ad6e4","527bdb7bf2c3eec4f7fe8df0e3c058b6",1
"114","8f6b56cf715ed57818e64c62b87ad6e4","fae981eefb2d605235b5651c02f00d67",1
"115","8f6b56cf715ed57818e64c62b87ad6e4","d8761000a4c10df6fe8c85491e14103b",1
"116","8f6b56cf715ed57818e64c62b87ad6e4","9b1d0fd5753ba97c72b64b845150ce53",1
"117","8f6b56cf715ed57818e64c62b87ad6e4","a0dbc70bedad2d55da18380954542f98",1
"118","8f6b56cf715ed57818e64c62b87ad6e4","6c369f2ea5af632a315ab8f498b5bffb",1
"119","8f6b56cf715ed57818e64c62b87ad6e4","69da8984cb86869d7cbb8526bf13df28",1
"120","8f6b56cf715ed57818e64c62b87ad6e4","e336b7bca667aa7341c88d5eac4a8bce",1
"121","8f6b56cf715ed57818e64c62b87ad6e4","bdcd8b38e4609fd481693ce5e40f2996",1
"122","8f6b56cf715ed57818e64c62b87ad6e4","b76765ae1d31845e09aca7b21fd2c04f",1
"123","8f6b56cf715ed57818e64c62b87ad6e4","ad82cabfb9d8602bed504248cd400c77",1
"124","8f6b56cf715ed57818e64c62b87ad6e4","OTU1081",1
"125","8f6b56cf715ed57818e64c62b87ad6e4","OTU1812",1
"126","8f6b56cf715ed57818e64c62b87ad6e4","OTU232",1
"127","8f6b56cf715ed57818e64c62b87ad6e4","OTU78",1
"128","49833122909c5a3b9bb6d76a554500be","ffcb9e0979248b4bc0d2074c8ecf40b3",1
"129","49833122909c5a3b9bb6d76a554500be","8e0bc807be0124430f6be554b3b6decf",1
"130","49833122909c5a3b9bb6d76a554500be","fc76b8bb39a352f7fd12a7ce4ef34cb5",1
"131","49833122909c5a3b9bb6d76a554500be","a9d57835ce1de4a32c729b436a0baaf3",1
"132","49833122909c5a3b9bb6d76a554500be","b4851b0f36ec65cd82d82946e4945cde",1
"133","49833122909c5a3b9bb6d76a554500be","68313b4b5997a0cfa86853bbd389d7c2",1
"134","49833122909c5a3b9bb6d76a554500be","27b6e338e4f7ef9e79097bdf62ef4d59",1
"135","49833122909c5a3b9bb6d76a554500be","c625fbc8a2a739bab190c5695a2b21a6",1
"136","49833122909c5a3b9bb6d76a554500be","4df23b7afca23a9d286cfb1bf6f1307e",1
"137","49833122909c5a3b9bb6d76a554500be","69da8984cb86869d7cbb8526bf13df28",1
"138","49833122909c5a3b9bb6d76a554500be","db14b2ac362fbe2d2ad77b4c675f079e",1
"139","49833122909c5a3b9bb6d76a554500be","33b39c996dde92933cc7634fddc997c4",1
"140","49833122909c5a3b9bb6d76a554500be","OTU1736",1
"141","49833122909c5a3b9bb6d76a554500be","OTU178",1
"142","49833122909c5a3b9bb6d76a554500be","OTU18",1
"143","49833122909c5a3b9bb6d76a554500be","OTU2",1
"144","49833122909c5a3b9bb6d76a554500be","OTU20",1
"145","49833122909c5a3b9bb6d76a554500be","OTU2158",1
"146","49833122909c5a3b9bb6d76a554500be","OTU42",1
"147","49833122909c5a3b9bb6d76a554500be","OTU5",1
"148","cafc331a95da92110d5230dc87a2aa49","2c2c37b8f97d2890bd0735855fab9532",1
"149","66514fda820203e68b85307cb3759ac2","07fc6cc273d8bf4b36191e8cabe3a090",1
"150","66514fda820203e68b85307cb3759ac2","2c727e83bb44502e1bc6e2f47a4d533a",1
"151","66514fda820203e68b85307cb3759ac2","c298277dc9098aa9f6d6d7bef599d851",1
"152","66514fda820203e68b85307cb3759ac2","c720c55c8d2bd189e4604673d9c48b34",1
"153","66514fda820203e68b85307cb3759ac2","c71dd526a00b97511fa0b1e76c83ae2a",1
"154","1035b7931671f72d48b6c45a5be9bd10","OTU194",1
"155","1035b7931671f72d48b6c45a5be9bd10","OTU3",1
"156","1035b7931671f72d48b6c45a5be9bd10","OTU88",1
"157","ba703cc4db43e62edc4ec5339f1a1b08","354fbb9ef2315ae23717f1cea4eb64df",1
"158","ba703cc4db43e62edc4ec5339f1a1b08","9d739e344b8c35584d63f0585c5271ab",1
"159","ba703cc4db43e62edc4ec5339f1a1b08","c298277dc9098aa9f6d6d7bef599d851",1
"160","ba703cc4db43e62edc4ec5339f1a1b08","f064554bcb81b23028ef4659d0ece4df",1
"161","ba703cc4db43e62edc4ec5339f1a1b08","2407a313794794a6fd1f0b361bb6f20d",1
"162","ba703cc4db43e62edc4ec5339f1a1b08","OTU117",1
"163","ba703cc4db43e62edc4ec5339f1a1b08","OTU159",1
"164","ba703cc4db43e62edc4ec5339f1a1b08","OTU48",1
"165","ba703cc4db43e62edc4ec5339f1a1b08","OTU70",1
"166","ba703cc4db43e62edc4ec5339f1a1b08","OTU92",1
"167","34b8ca114ad28cc6b10528b434200077","OTU105",1
"168","00bf923b35b631fc0e012e57d02ad48f","4025f27523c5ba705aca69a306862c37",1
"169","00bf923b35b631fc0e012e57d02ad48f","OTU112",1
"170","00bf923b35b631fc0e012e57d02ad48f","OTU142",1
"171","00bf923b35b631fc0e012e57d02ad48f","OTU149",1
"172","00bf923b35b631fc0e012e57d02ad48f","OTU37",1
"173","00bf923b35b631fc0e012e57d02ad48f","OTU59",1
"174","57a871703b99d58348ab14feb7e47ab5","5a852f4c71de6ca73ff346892435db0c",1
"175","57a871703b99d58348ab14feb7e47ab5","61cf7fc987dcf102b6f918fa01c7b73f",1
"176","57a871703b99d58348ab14feb7e47ab5","07fc6cc273d8bf4b36191e8cabe3a090",1
"177","57a871703b99d58348ab14feb7e47ab5","58b8e117443bf7c8b7718b9190e4348b",1
"178","57a871703b99d58348ab14feb7e47ab5","e0b226f479feccc916025c6264dc907d",1
"179","57a871703b99d58348ab14feb7e47ab5","ffcb9e0979248b4bc0d2074c8ecf40b3",1
"180","57a871703b99d58348ab14feb7e47ab5","8e0bc807be0124430f6be554b3b6decf",1
"181","57a871703b99d58348ab14feb7e47ab5","fc76b8bb39a352f7fd12a7ce4ef34cb5",1
"182","57a871703b99d58348ab14feb7e47ab5","2c727e83bb44502e1bc6e2f47a4d533a",1
"183","57a871703b99d58348ab14feb7e47ab5","b9167aefa2a9ca58748d63f51d8d312b",1
"184","57a871703b99d58348ab14feb7e47ab5","a9d57835ce1de4a32c729b436a0baaf3",1
"185","57a871703b99d58348ab14feb7e47ab5","20f2649f6a0c36aa6459301019e2cb0a",1
"186","57a871703b99d58348ab14feb7e47ab5","16eb39d712e2ddc46007368b10caa8ec",1
"187","57a871703b99d58348ab14feb7e47ab5","73112b980fcdde07c2958de4630edb4f",1
"188","57a871703b99d58348ab14feb7e47ab5","d8761000a4c10df6fe8c85491e14103b",1
"189","57a871703b99d58348ab14feb7e47ab5","4df23b7afca23a9d286cfb1bf6f1307e",1
"190","57a871703b99d58348ab14feb7e47ab5","6c369f2ea5af632a315ab8f498b5bffb",1
"191","57a871703b99d58348ab14feb7e47ab5","69da8984cb86869d7cbb8526bf13df28",1
"192","57a871703b99d58348ab14feb7e47ab5","83caeb50840686e471e8c598283033d7",1
"193","57a871703b99d58348ab14feb7e47ab5","4dd789de56eb68541e50a4fec77109c1",1
"194","57a871703b99d58348ab14feb7e47ab5","3255b1f04486e829d0a352f9428e22df",1
"195","57a871703b99d58348ab14feb7e47ab5","db14b2ac362fbe2d2ad77b4c675f079e",1
"196","57a871703b99d58348ab14feb7e47ab5","bdcd8b38e4609fd481693ce5e40f2996",1
"197","57a871703b99d58348ab14feb7e47ab5","b76765ae1d31845e09aca7b21fd2c04f",1
"198","57a871703b99d58348ab14feb7e47ab5","c71dd526a00b97511fa0b1e76c83ae2a",1
"199","57a871703b99d58348ab14feb7e47ab5","5b3cd0f239da5afed6119a89de184a0c",1
"200","57a871703b99d58348ab14feb7e47ab5","OTU178",1
"201","57a871703b99d58348ab14feb7e47ab5","OTU1812",1
"202","57a871703b99d58348ab14feb7e47ab5","OTU184",1
"203","57a871703b99d58348ab14feb7e47ab5","OTU60",1
"204","308ee29bd41a4cee23099b16d61895fe","ceff1c2978a43424d660f05f3263feed",1
"205","308ee29bd41a4cee23099b16d61895fe","b6d8aaf84f853d80e58a458e015862a2",1
"206","308ee29bd41a4cee23099b16d61895fe","OTU229",1
"207","62dd12ee0a685ebb1487ecd91bc24d74","73112b980fcdde07c2958de4630edb4f",1
"208","62dd12ee0a685ebb1487ecd91bc24d74","OTU170",1
"209","62dd12ee0a685ebb1487ecd91bc24d74","OTU185",1
"210","62dd12ee0a685ebb1487ecd91bc24d74","OTU339",1
"211","62dd12ee0a685ebb1487ecd91bc24d74","OTU97",1
"212","9f15d5506cdf87747478cad0bde30cf1","e131a984c4a16994ff97d6f81d301400",1
"213","9f15d5506cdf87747478cad0bde30cf1","527bdb7bf2c3eec4f7fe8df0e3c058b6",1
"214","9f15d5506cdf87747478cad0bde30cf1","3afe3bff192e0bb73fddd0d2d79110f8",1
"215","9f15d5506cdf87747478cad0bde30cf1","ba2016c3a2a018069acc96e4e78d1625",1
"216","9f15d5506cdf87747478cad0bde30cf1","OTU1081",1
"217","9f15d5506cdf87747478cad0bde30cf1","OTU232",1
"218","49757e1d69a6f4c7c6572bead944930a","967a0a0dc5c6511e8e170c93357b8d65",1
"219","49757e1d69a6f4c7c6572bead944930a","e4fe1228e51ec88409df5332e0a1c6e0",1
"220","49757e1d69a6f4c7c6572bead944930a","ef333bad7ef7d7acaa3bbe125b4001ee",1
"221","49757e1d69a6f4c7c6572bead944930a","6a976dd01a81eb89bbf0dba29ea4a167",1
"222","49757e1d69a6f4c7c6572bead944930a","6b65c5404b283fa075ca26d3d31f01b9",1
"223","49757e1d69a6f4c7c6572bead944930a","OTU117",1
"224","49757e1d69a6f4c7c6572bead944930a","OTU70",1
"225","cb4834ba2f218146305eb38843fcf53e","58b8e117443bf7c8b7718b9190e4348b",1
"226","cb4834ba2f218146305eb38843fcf53e","8bdea0ef7764f54a3f57c578cf91cd52",1
"227","cb4834ba2f218146305eb38843fcf53e","084082af1ad65fb72e78591c5c6c4ce8",1
"228","cb4834ba2f218146305eb38843fcf53e","2c727e83bb44502e1bc6e2f47a4d533a",1
"229","cb4834ba2f218146305eb38843fcf53e","be661bd24140881a05bb2020a7bd6074",1
"230","cb4834ba2f218146305eb38843fcf53e","a8e0355d1538c2e5dacd829038731aeb",1
"231","cb4834ba2f218146305eb38843fcf53e","ef333bad7ef7d7acaa3bbe125b4001ee",1
"232","cb4834ba2f218146305eb38843fcf53e","3f546046f1c813977e3eb4983a1bf8f8",1
"233","cb4834ba2f218146305eb38843fcf53e","69db598bfebc8991d04dafbf7a1206c0",1
"234","cb4834ba2f218146305eb38843fcf53e","a053a5ac8bbe5e6ca074256d79eb4373",1
"235","cb4834ba2f218146305eb38843fcf53e","72ecb09d59b6fb01f6fffe723e2407bb",1
"236","cb4834ba2f218146305eb38843fcf53e","6a976dd01a81eb89bbf0dba29ea4a167",1
"237","cb4834ba2f218146305eb38843fcf53e","47cd034e51afa82f6f5423ade7e81206",1
"238","cb4834ba2f218146305eb38843fcf53e","9ad502a95b6e6ddf4de579cfa129339c",1
"239","cb4834ba2f218146305eb38843fcf53e","9850125501739ee2cdce7385b5966e41",1
"240","cb4834ba2f218146305eb38843fcf53e","OTU178",1
"241","cb4834ba2f218146305eb38843fcf53e","OTU60",1
"242","b0ceb2978cf78c87d4f30a112d52e785","5a852f4c71de6ca73ff346892435db0c",1
"243","b0ceb2978cf78c87d4f30a112d52e785","07fc6cc273d8bf4b36191e8cabe3a090",1
"244","b0ceb2978cf78c87d4f30a112d52e785","ecc8fb12ce78957fc012f2ede4936b49",1
"245","b0ceb2978cf78c87d4f30a112d52e785","c720c55c8d2bd189e4604673d9c48b34",1
"246","b0ceb2978cf78c87d4f30a112d52e785","954076b87191336952041af365c1bb32",1
"247","b0ceb2978cf78c87d4f30a112d52e785","b76765ae1d31845e09aca7b21fd2c04f",1
"248","b0ceb2978cf78c87d4f30a112d52e785","OTU1736",1
"249","b0ceb2978cf78c87d4f30a112d52e785","OTU6",1
"250","ee41f37477dba03f022422a80adfecaf","d24498ce9b85c4b88ff0c518159564a8",1
"251","ee41f37477dba03f022422a80adfecaf","e0b226f479feccc916025c6264dc907d",1
"252","ee41f37477dba03f022422a80adfecaf","ffcb9e0979248b4bc0d2074c8ecf40b3",1
"253","ee41f37477dba03f022422a80adfecaf","fc76b8bb39a352f7fd12a7ce4ef34cb5",1
"254","ee41f37477dba03f022422a80adfecaf","c625fbc8a2a739bab190c5695a2b21a6",1
"255","ee41f37477dba03f022422a80adfecaf","ee589d8ed9cde5ca8fde93c4ecf14dd6",1
"256","ee41f37477dba03f022422a80adfecaf","OTU184",1
"257","ee41f37477dba03f022422a80adfecaf","OTU46",1
"258","ee41f37477dba03f022422a80adfecaf","OTU81",1
"259","058c699435e9a43f33e9e89769f87fda","68313b4b5997a0cfa86853bbd389d7c2",1
"260","058c699435e9a43f33e9e89769f87fda","b38739c9b5cefdb57fbd7a716f0a4b73",1
"261","e131a984c4a16994ff97d6f81d301400","717a29ca40a16654c3385435387c3d25",1
"262","e131a984c4a16994ff97d6f81d301400","8bdea0ef7764f54a3f57c578cf91cd52",1
"263","e131a984c4a16994ff97d6f81d301400","4dbdd9e8c30d81237dc6a66cc30373db",1
"264","e131a984c4a16994ff97d6f81d301400","58343ded4183674f1c83b3a1bfaa59a6",1
"265","e131a984c4a16994ff97d6f81d301400","a8e0355d1538c2e5dacd829038731aeb",1
"266","e131a984c4a16994ff97d6f81d301400","527bdb7bf2c3eec4f7fe8df0e3c058b6",1
"267","e131a984c4a16994ff97d6f81d301400","d8761000a4c10df6fe8c85491e14103b",1
"268","e131a984c4a16994ff97d6f81d301400","9b1d0fd5753ba97c72b64b845150ce53",1
"269","e131a984c4a16994ff97d6f81d301400","e336b7bca667aa7341c88d5eac4a8bce",1
"270","e131a984c4a16994ff97d6f81d301400","f01a5f290ebb5d276a83dc34015870a6",1
"271","e131a984c4a16994ff97d6f81d301400","b76765ae1d31845e09aca7b21fd2c04f",1
"272","e131a984c4a16994ff97d6f81d301400","OTU1081",1
"273","cf537fb2b9ae66b8dadd9e445b5c482a","967a0a0dc5c6511e8e170c93357b8d65",1
"274","cf537fb2b9ae66b8dadd9e445b5c482a","07fc6cc273d8bf4b36191e8cabe3a090",1
"275","cf537fb2b9ae66b8dadd9e445b5c482a","0b3a685b5a5624a2cda6a46b398f3073",1
"276","cf537fb2b9ae66b8dadd9e445b5c482a","a4fdef1a655e4ac1b9e651598444ea2c",1
"277","cf537fb2b9ae66b8dadd9e445b5c482a","c3ca5a009ce3f896cf0888a693813ff9",1
"278","cf537fb2b9ae66b8dadd9e445b5c482a","f2bc3e83cc1efa9255f78892b0f590b6",1
"279","cf537fb2b9ae66b8dadd9e445b5c482a","0be1fefb6907bdba0e887b3970906a52",1
"280","cf537fb2b9ae66b8dadd9e445b5c482a","3afe3bff192e0bb73fddd0d2d79110f8",1
"281","cf537fb2b9ae66b8dadd9e445b5c482a","2c2c37b8f97d2890bd0735855fab9532",1
"282","cf537fb2b9ae66b8dadd9e445b5c482a","d67b6b007ce2d39a1afda10dde80fd88",1
"283","cf537fb2b9ae66b8dadd9e445b5c482a","OTU23",1
"284","cf537fb2b9ae66b8dadd9e445b5c482a","OTU31",1
"285","a0b3e7b8d58a6dcbd15e707f1c61f670","8e8e1cedbe29312463d9538cba5c70f8",1
"286","a0b3e7b8d58a6dcbd15e707f1c61f670","a1075a3bd0c83391f77dc55b69df5fa9",1
"287","a0b3e7b8d58a6dcbd15e707f1c61f670","2c34e2c8d662ac7017ee434f86fb4727",1
"288","a0b3e7b8d58a6dcbd15e707f1c61f670","4b27cfcd245f7ffee8d0f9551260ff53",1
"289","a0b3e7b8d58a6dcbd15e707f1c61f670","512c63340f7b092bf0ad87e9f4e51572",1
"290","a0b3e7b8d58a6dcbd15e707f1c61f670","e1aea782db8e335653217f5d2cc31449",1
"291","a0b3e7b8d58a6dcbd15e707f1c61f670","2539e1e5a5a0ea3e487e5a3a38d91dd0",1
"292","a0b3e7b8d58a6dcbd15e707f1c61f670","87f37a8dfe82449719f3ef630b41853d",1
"293","a0b3e7b8d58a6dcbd15e707f1c61f670","7f970af5fa5e35322357b38696207e9f",1
"294","a0b3e7b8d58a6dcbd15e707f1c61f670","9850125501739ee2cdce7385b5966e41",1
"295","a0b3e7b8d58a6dcbd15e707f1c61f670","OTU1081",1
"296","a0b3e7b8d58a6dcbd15e707f1c61f670","OTU177",1
"297","dc4789a758f5da79ffc569b615943edc","717a29ca40a16654c3385435387c3d25",1
"298","dc4789a758f5da79ffc569b615943edc","a4fdef1a655e4ac1b9e651598444ea2c",1
"299","dc4789a758f5da79ffc569b615943edc","73112b980fcdde07c2958de4630edb4f",1
"300","dc4789a758f5da79ffc569b615943edc","4ec39a67a15ff8830fdd2e4429b6682d",1
"301","dc4789a758f5da79ffc569b615943edc","OTU111",1
"302","dc4789a758f5da79ffc569b615943edc","OTU170",1
"303","dc4789a758f5da79ffc569b615943edc","OTU185",1
"304","dc4789a758f5da79ffc569b615943edc","OTU186",1
"305","dc4789a758f5da79ffc569b615943edc","OTU223",1
"306","dc4789a758f5da79ffc569b615943edc","OTU55",1
"307","967a0a0dc5c6511e8e170c93357b8d65","eb65b93b5a7ef9f762ba4dfa14ac4794",1
"308","967a0a0dc5c6511e8e170c93357b8d65","e4fe1228e51ec88409df5332e0a1c6e0",1
"309","967a0a0dc5c6511e8e170c93357b8d65","c3ca5a009ce3f896cf0888a693813ff9",1
"310","967a0a0dc5c6511e8e170c93357b8d65","0be1fefb6907bdba0e887b3970906a52",1
"311","967a0a0dc5c6511e8e170c93357b8d65","ef333bad7ef7d7acaa3bbe125b4001ee",1
"312","967a0a0dc5c6511e8e170c93357b8d65","c320a01f9cb53cb375bad4a390145ac8",1
"313","967a0a0dc5c6511e8e170c93357b8d65","d67b6b007ce2d39a1afda10dde80fd88",1
"314","967a0a0dc5c6511e8e170c93357b8d65","6b65c5404b283fa075ca26d3d31f01b9",1
"315","967a0a0dc5c6511e8e170c93357b8d65","OTU135",1
"316","967a0a0dc5c6511e8e170c93357b8d65","OTU68",1
"317","8e8e1cedbe29312463d9538cba5c70f8","a1075a3bd0c83391f77dc55b69df5fa9",1
"318","8e8e1cedbe29312463d9538cba5c70f8","2c34e2c8d662ac7017ee434f86fb4727",1
"319","8e8e1cedbe29312463d9538cba5c70f8","4b27cfcd245f7ffee8d0f9551260ff53",1
"320","8e8e1cedbe29312463d9538cba5c70f8","512c63340f7b092bf0ad87e9f4e51572",1
"321","8e8e1cedbe29312463d9538cba5c70f8","e1aea782db8e335653217f5d2cc31449",1
"322","8e8e1cedbe29312463d9538cba5c70f8","2539e1e5a5a0ea3e487e5a3a38d91dd0",1
"323","8e8e1cedbe29312463d9538cba5c70f8","87f37a8dfe82449719f3ef630b41853d",1
"324","8e8e1cedbe29312463d9538cba5c70f8","7f970af5fa5e35322357b38696207e9f",1
"325","8e8e1cedbe29312463d9538cba5c70f8","9850125501739ee2cdce7385b5966e41",1
"326","8e8e1cedbe29312463d9538cba5c70f8","OTU1081",1
"327","8e8e1cedbe29312463d9538cba5c70f8","OTU177",1
"328","5fcc9726776ea6171d8832145ac76b30","68313b4b5997a0cfa86853bbd389d7c2",1
"329","8b5f042567618459730566261a02828a","24564862f1eec0beec389746f6658551",1
"330","8b5f042567618459730566261a02828a","7132c215ecbc5958ec5192a5fc55fd35",1
"331","8b5f042567618459730566261a02828a","OTU66",1
"332","d24498ce9b85c4b88ff0c518159564a8","e0b226f479feccc916025c6264dc907d",1
"333","d24498ce9b85c4b88ff0c518159564a8","fc76b8bb39a352f7fd12a7ce4ef34cb5",1
"334","d24498ce9b85c4b88ff0c518159564a8","c625fbc8a2a739bab190c5695a2b21a6",1
"335","d24498ce9b85c4b88ff0c518159564a8","OTU184",1
"336","d24498ce9b85c4b88ff0c518159564a8","OTU20",1
"337","d24498ce9b85c4b88ff0c518159564a8","OTU81",1
"338","a1075a3bd0c83391f77dc55b69df5fa9","2c34e2c8d662ac7017ee434f86fb4727",1
"339","a1075a3bd0c83391f77dc55b69df5fa9","4b27cfcd245f7ffee8d0f9551260ff53",1
"340","a1075a3bd0c83391f77dc55b69df5fa9","512c63340f7b092bf0ad87e9f4e51572",1
"341","a1075a3bd0c83391f77dc55b69df5fa9","e1aea782db8e335653217f5d2cc31449",1
"342","a1075a3bd0c83391f77dc55b69df5fa9","2539e1e5a5a0ea3e487e5a3a38d91dd0",1
"343","a1075a3bd0c83391f77dc55b69df5fa9","87f37a8dfe82449719f3ef630b41853d",1
"344","a1075a3bd0c83391f77dc55b69df5fa9","7f970af5fa5e35322357b38696207e9f",1
"345","a1075a3bd0c83391f77dc55b69df5fa9","9850125501739ee2cdce7385b5966e41",1
"346","a1075a3bd0c83391f77dc55b69df5fa9","OTU1081",1
"347","a1075a3bd0c83391f77dc55b69df5fa9","OTU177",1
"348","5a852f4c71de6ca73ff346892435db0c","0741e05420edd6a9997a157ea85fde20",1
"349","5a852f4c71de6ca73ff346892435db0c","192b7b2d1098dcc58e64cb1ed109cccf",1
"350","5a852f4c71de6ca73ff346892435db0c","07fc6cc273d8bf4b36191e8cabe3a090",1
"351","5a852f4c71de6ca73ff346892435db0c","58b8e117443bf7c8b7718b9190e4348b",1
"352","5a852f4c71de6ca73ff346892435db0c","ffcb9e0979248b4bc0d2074c8ecf40b3",1
"353","5a852f4c71de6ca73ff346892435db0c","fc76b8bb39a352f7fd12a7ce4ef34cb5",1
"354","5a852f4c71de6ca73ff346892435db0c","58343ded4183674f1c83b3a1bfaa59a6",1
"355","5a852f4c71de6ca73ff346892435db0c","2c727e83bb44502e1bc6e2f47a4d533a",1
"356","5a852f4c71de6ca73ff346892435db0c","c3ca5a009ce3f896cf0888a693813ff9",1
"357","5a852f4c71de6ca73ff346892435db0c","a9d57835ce1de4a32c729b436a0baaf3",1
"358","5a852f4c71de6ca73ff346892435db0c","f3dff17693fcf5a48ea7c59ae75780ee",1
"359","5a852f4c71de6ca73ff346892435db0c","2bb011af9120d953473f129b19d5fbd1",1
"360","5a852f4c71de6ca73ff346892435db0c","b4851b0f36ec65cd82d82946e4945cde",1
"361","5a852f4c71de6ca73ff346892435db0c","f2bc3e83cc1efa9255f78892b0f590b6",1
"362","5a852f4c71de6ca73ff346892435db0c","27b6e338e4f7ef9e79097bdf62ef4d59",1
"363","5a852f4c71de6ca73ff346892435db0c","c720c55c8d2bd189e4604673d9c48b34",1
"364","5a852f4c71de6ca73ff346892435db0c","c625fbc8a2a739bab190c5695a2b21a6",1
"365","5a852f4c71de6ca73ff346892435db0c","3f546046f1c813977e3eb4983a1bf8f8",1
"366","5a852f4c71de6ca73ff346892435db0c","69da8984cb86869d7cbb8526bf13df28",1
"367","5a852f4c71de6ca73ff346892435db0c","2b849c1e9e6bb94c4136743ea558781c",1
"368","5a852f4c71de6ca73ff346892435db0c","4dd789de56eb68541e50a4fec77109c1",1
"369","5a852f4c71de6ca73ff346892435db0c","ee589d8ed9cde5ca8fde93c4ecf14dd6",1
"370","5a852f4c71de6ca73ff346892435db0c","2c2c37b8f97d2890bd0735855fab9532",1
"371","5a852f4c71de6ca73ff346892435db0c","47cd034e51afa82f6f5423ade7e81206",1
"372","5a852f4c71de6ca73ff346892435db0c","9ad502a95b6e6ddf4de579cfa129339c",1
"373","5a852f4c71de6ca73ff346892435db0c","b154ef1308e382698ae878e60be28af5",1
"374","5a852f4c71de6ca73ff346892435db0c","f01a5f290ebb5d276a83dc34015870a6",1
"375","5a852f4c71de6ca73ff346892435db0c","b76765ae1d31845e09aca7b21fd2c04f",1
"376","5a852f4c71de6ca73ff346892435db0c","c71dd526a00b97511fa0b1e76c83ae2a",1
"377","5a852f4c71de6ca73ff346892435db0c","b408c66bb8f44f0cfeac683e63ef40b3",1
"378","5a852f4c71de6ca73ff346892435db0c","5b3cd0f239da5afed6119a89de184a0c",1
"379","5a852f4c71de6ca73ff346892435db0c","OTU178",1
"380","5a852f4c71de6ca73ff346892435db0c","OTU18",1
"381","5a852f4c71de6ca73ff346892435db0c","OTU19",1
"382","5a852f4c71de6ca73ff346892435db0c","OTU23",1
"383","5a852f4c71de6ca73ff346892435db0c","OTU6",1
"384","5a852f4c71de6ca73ff346892435db0c","OTU78",1
"385","0741e05420edd6a9997a157ea85fde20","2c727e83bb44502e1bc6e2f47a4d533a",1
"386","0741e05420edd6a9997a157ea85fde20","6f431aeb72d74ec615f6d3d7c844415b",1
"387","0741e05420edd6a9997a157ea85fde20","a9d57835ce1de4a32c729b436a0baaf3",1
"388","0741e05420edd6a9997a157ea85fde20","b4851b0f36ec65cd82d82946e4945cde",1
"389","0741e05420edd6a9997a157ea85fde20","27b6e338e4f7ef9e79097bdf62ef4d59",1
"390","0741e05420edd6a9997a157ea85fde20","2b849c1e9e6bb94c4136743ea558781c",1
"391","0741e05420edd6a9997a157ea85fde20","ceff1c2978a43424d660f05f3263feed",1
"392","0741e05420edd6a9997a157ea85fde20","182bf0fe4c1df3b4d65c00b4c00a1c01",1
"393","0741e05420edd6a9997a157ea85fde20","c71dd526a00b97511fa0b1e76c83ae2a",1
"394","0741e05420edd6a9997a157ea85fde20","OTU106",1
"395","0741e05420edd6a9997a157ea85fde20","OTU147",1
"396","0741e05420edd6a9997a157ea85fde20","OTU183",1
"397","0741e05420edd6a9997a157ea85fde20","OTU31",1
"398","dbc5c174ae5e8116cc39c3e54931d06f","4b27cfcd245f7ffee8d0f9551260ff53",1
"399","dbc5c174ae5e8116cc39c3e54931d06f","87f37a8dfe82449719f3ef630b41853d",1
"400","717a29ca40a16654c3385435387c3d25","8bdea0ef7764f54a3f57c578cf91cd52",1
"401","717a29ca40a16654c3385435387c3d25","fc76b8bb39a352f7fd12a7ce4ef34cb5",1
"402","717a29ca40a16654c3385435387c3d25","58343ded4183674f1c83b3a1bfaa59a6",1
"403","717a29ca40a16654c3385435387c3d25","20f2649f6a0c36aa6459301019e2cb0a",1
"404","717a29ca40a16654c3385435387c3d25","a8e0355d1538c2e5dacd829038731aeb",1
"405","717a29ca40a16654c3385435387c3d25","a0c2f591cb1d11a2317381c5da4b192b",1
"406","717a29ca40a16654c3385435387c3d25","73112b980fcdde07c2958de4630edb4f",1
"407","717a29ca40a16654c3385435387c3d25","d8761000a4c10df6fe8c85491e14103b",1
"408","717a29ca40a16654c3385435387c3d25","9b1d0fd5753ba97c72b64b845150ce53",1
"409","717a29ca40a16654c3385435387c3d25","6c369f2ea5af632a315ab8f498b5bffb",1
"410","717a29ca40a16654c3385435387c3d25","69da8984cb86869d7cbb8526bf13df28",1
"411","717a29ca40a16654c3385435387c3d25","e336b7bca667aa7341c88d5eac4a8bce",1
"412","717a29ca40a16654c3385435387c3d25","db14b2ac362fbe2d2ad77b4c675f079e",1
"413","717a29ca40a16654c3385435387c3d25","f01a5f290ebb5d276a83dc34015870a6",1
"414","717a29ca40a16654c3385435387c3d25","b76765ae1d31845e09aca7b21fd2c04f",1
"415","717a29ca40a16654c3385435387c3d25","OTU1081",1
"416","717a29ca40a16654c3385435387c3d25","OTU170",1
"417","717a29ca40a16654c3385435387c3d25","OTU18",1
"418","717a29ca40a16654c3385435387c3d25","OTU1812",1
"419","717a29ca40a16654c3385435387c3d25","OTU185",1
"420","717a29ca40a16654c3385435387c3d25","OTU232",1
"421","f49e50984128855bd1330912655e37e8","a4fdef1a655e4ac1b9e651598444ea2c",1
"422","f49e50984128855bd1330912655e37e8","OTU146",1
"423","f49e50984128855bd1330912655e37e8","OTU31",1
"424","192b7b2d1098dcc58e64cb1ed109cccf","07fc6cc273d8bf4b36191e8cabe3a090",1
"425","192b7b2d1098dcc58e64cb1ed109cccf","a9d57835ce1de4a32c729b436a0baaf3",1
"426","192b7b2d1098dcc58e64cb1ed109cccf","27b6e338e4f7ef9e79097bdf62ef4d59",1
"427","192b7b2d1098dcc58e64cb1ed109cccf","c625fbc8a2a739bab190c5695a2b21a6",1
"428","192b7b2d1098dcc58e64cb1ed109cccf","2b849c1e9e6bb94c4136743ea558781c",1
"429","192b7b2d1098dcc58e64cb1ed109cccf","e975e659c2a86ceeab417c40f7f6528f",1
"430","192b7b2d1098dcc58e64cb1ed109cccf","b408c66bb8f44f0cfeac683e63ef40b3",1
"431","192b7b2d1098dcc58e64cb1ed109cccf","5b3cd0f239da5afed6119a89de184a0c",1
"432","192b7b2d1098dcc58e64cb1ed109cccf","OTU221",1
"433","192b7b2d1098dcc58e64cb1ed109cccf","OTU23",1
"434","192b7b2d1098dcc58e64cb1ed109cccf","OTU90",1
"435","61cf7fc987dcf102b6f918fa01c7b73f","2c727e83bb44502e1bc6e2f47a4d533a",1
"436","61cf7fc987dcf102b6f918fa01c7b73f","527bdb7bf2c3eec4f7fe8df0e3c058b6",1
"437","61cf7fc987dcf102b6f918fa01c7b73f","d8761000a4c10df6fe8c85491e14103b",1
"438","61cf7fc987dcf102b6f918fa01c7b73f","c720c55c8d2bd189e4604673d9c48b34",1
"439","61cf7fc987dcf102b6f918fa01c7b73f","2539e1e5a5a0ea3e487e5a3a38d91dd0",1
"440","61cf7fc987dcf102b6f918fa01c7b73f","6c369f2ea5af632a315ab8f498b5bffb",1
"441","61cf7fc987dcf102b6f918fa01c7b73f","3255b1f04486e829d0a352f9428e22df",1
"442","61cf7fc987dcf102b6f918fa01c7b73f","b154ef1308e382698ae878e60be28af5",1
"443","61cf7fc987dcf102b6f918fa01c7b73f","b76765ae1d31845e09aca7b21fd2c04f",1
"444","61cf7fc987dcf102b6f918fa01c7b73f","5b3cd0f239da5afed6119a89de184a0c",1
"445","61cf7fc987dcf102b6f918fa01c7b73f","OTU1081",1
"446","61cf7fc987dcf102b6f918fa01c7b73f","OTU150",1
"447","61cf7fc987dcf102b6f918fa01c7b73f","OTU232",1
"448","07fc6cc273d8bf4b36191e8cabe3a090","0b3a685b5a5624a2cda6a46b398f3073",1
"449","07fc6cc273d8bf4b36191e8cabe3a090","ffcb9e0979248b4bc0d2074c8ecf40b3",1
"450","07fc6cc273d8bf4b36191e8cabe3a090","58343ded4183674f1c83b3a1bfaa59a6",1
"451","07fc6cc273d8bf4b36191e8cabe3a090","2c727e83bb44502e1bc6e2f47a4d533a",1
"452","07fc6cc273d8bf4b36191e8cabe3a090","c3ca5a009ce3f896cf0888a693813ff9",1
"453","07fc6cc273d8bf4b36191e8cabe3a090","a9d57835ce1de4a32c729b436a0baaf3",1
"454","07fc6cc273d8bf4b36191e8cabe3a090","f3dff17693fcf5a48ea7c59ae75780ee",1
"455","07fc6cc273d8bf4b36191e8cabe3a090","2bb011af9120d953473f129b19d5fbd1",1
"456","07fc6cc273d8bf4b36191e8cabe3a090","b4851b0f36ec65cd82d82946e4945cde",1
"457","07fc6cc273d8bf4b36191e8cabe3a090","f2bc3e83cc1efa9255f78892b0f590b6",1
"458","07fc6cc273d8bf4b36191e8cabe3a090","0be1fefb6907bdba0e887b3970906a52",1
"459","07fc6cc273d8bf4b36191e8cabe3a090","27b6e338e4f7ef9e79097bdf62ef4d59",1
"460","07fc6cc273d8bf4b36191e8cabe3a090","c720c55c8d2bd189e4604673d9c48b34",1
"461","07fc6cc273d8bf4b36191e8cabe3a090","2b849c1e9e6bb94c4136743ea558781c",1
"462","07fc6cc273d8bf4b36191e8cabe3a090","4dd789de56eb68541e50a4fec77109c1",1
"463","07fc6cc273d8bf4b36191e8cabe3a090","ee589d8ed9cde5ca8fde93c4ecf14dd6",1
"464","07fc6cc273d8bf4b36191e8cabe3a090","2c2c37b8f97d2890bd0735855fab9532",1
"465","07fc6cc273d8bf4b36191e8cabe3a090","47cd034e51afa82f6f5423ade7e81206",1
"466","07fc6cc273d8bf4b36191e8cabe3a090","9ad502a95b6e6ddf4de579cfa129339c",1
"467","07fc6cc273d8bf4b36191e8cabe3a090","b154ef1308e382698ae878e60be28af5",1
"468","07fc6cc273d8bf4b36191e8cabe3a090","f01a5f290ebb5d276a83dc34015870a6",1
"469","07fc6cc273d8bf4b36191e8cabe3a090","182bf0fe4c1df3b4d65c00b4c00a1c01",1
"470","07fc6cc273d8bf4b36191e8cabe3a090","b76765ae1d31845e09aca7b21fd2c04f",1
"471","07fc6cc273d8bf4b36191e8cabe3a090","c71dd526a00b97511fa0b1e76c83ae2a",1
"472","07fc6cc273d8bf4b36191e8cabe3a090","b408c66bb8f44f0cfeac683e63ef40b3",1
"473","07fc6cc273d8bf4b36191e8cabe3a090","5b3cd0f239da5afed6119a89de184a0c",1
"474","07fc6cc273d8bf4b36191e8cabe3a090","OTU19",1
"475","07fc6cc273d8bf4b36191e8cabe3a090","OTU217",1
"476","07fc6cc273d8bf4b36191e8cabe3a090","OTU221",1
"477","07fc6cc273d8bf4b36191e8cabe3a090","OTU224",1
"478","07fc6cc273d8bf4b36191e8cabe3a090","OTU23",1
"479","07fc6cc273d8bf4b36191e8cabe3a090","OTU6",1
"480","07fc6cc273d8bf4b36191e8cabe3a090","OTU78",1
"481","d79779655a7a24a2315a466bb2ff4dc2","f9e3c616364120f46116dc339aca6d9a",1
"482","d79779655a7a24a2315a466bb2ff4dc2","a053a5ac8bbe5e6ca074256d79eb4373",1
"483","d79779655a7a24a2315a466bb2ff4dc2","39b14aa245f5d1dc0af6a93149e3be0c",1
"484","d79779655a7a24a2315a466bb2ff4dc2","72ecb09d59b6fb01f6fffe723e2407bb",1
"485","d79779655a7a24a2315a466bb2ff4dc2","6a976dd01a81eb89bbf0dba29ea4a167",1
"486","d79779655a7a24a2315a466bb2ff4dc2","9850125501739ee2cdce7385b5966e41",1
"487","0b3a685b5a5624a2cda6a46b398f3073","eb65b93b5a7ef9f762ba4dfa14ac4794",1
"488","0b3a685b5a5624a2cda6a46b398f3073","c3ca5a009ce3f896cf0888a693813ff9",1
"489","0b3a685b5a5624a2cda6a46b398f3073","2bb011af9120d953473f129b19d5fbd1",1
"490","0b3a685b5a5624a2cda6a46b398f3073","f2bc3e83cc1efa9255f78892b0f590b6",1
"491","0b3a685b5a5624a2cda6a46b398f3073","0be1fefb6907bdba0e887b3970906a52",1
"492","0b3a685b5a5624a2cda6a46b398f3073","ba2016c3a2a018069acc96e4e78d1625",1
"493","0b3a685b5a5624a2cda6a46b398f3073","2c2c37b8f97d2890bd0735855fab9532",1
"494","0b3a685b5a5624a2cda6a46b398f3073","OTU19",1
"495","58b8e117443bf7c8b7718b9190e4348b","084082af1ad65fb72e78591c5c6c4ce8",1
"496","58b8e117443bf7c8b7718b9190e4348b","2c727e83bb44502e1bc6e2f47a4d533a",1
"497","58b8e117443bf7c8b7718b9190e4348b","a9d57835ce1de4a32c729b436a0baaf3",1
"498","58b8e117443bf7c8b7718b9190e4348b","d8761000a4c10df6fe8c85491e14103b",1
"499","58b8e117443bf7c8b7718b9190e4348b","69db598bfebc8991d04dafbf7a1206c0",1
"500","58b8e117443bf7c8b7718b9190e4348b","a053a5ac8bbe5e6ca074256d79eb4373",1
"501","58b8e117443bf7c8b7718b9190e4348b","6a976dd01a81eb89bbf0dba29ea4a167",1
"502","58b8e117443bf7c8b7718b9190e4348b","47cd034e51afa82f6f5423ade7e81206",1
"503","58b8e117443bf7c8b7718b9190e4348b","9ad502a95b6e6ddf4de579cfa129339c",1
"504","58b8e117443bf7c8b7718b9190e4348b","9d2d4b5b40670ce94d055e23bd6903f5",1
"505","58b8e117443bf7c8b7718b9190e4348b","OTU146",1
"506","58b8e117443bf7c8b7718b9190e4348b","OTU178",1
"507","61bd18eea5011ff7ec2169e20e2f7452","a6c620690202ecde18276c91c44478c5",1
"508","61bd18eea5011ff7ec2169e20e2f7452","068271190a0c7130fc65b7a8a23d86d9",1
"509","8c36bacb652fe8f655c878e7b516b0f5","1086f04637c6c035d4f4d6860a625c8c",1
"510","8c36bacb652fe8f655c878e7b516b0f5","OTU163",1
"511","8c36bacb652fe8f655c878e7b516b0f5","OTU197",1
"512","8c36bacb652fe8f655c878e7b516b0f5","OTU218",1
"513","8c36bacb652fe8f655c878e7b516b0f5","OTU271",1
"514","8c36bacb652fe8f655c878e7b516b0f5","OTU38",1
"515","8c36bacb652fe8f655c878e7b516b0f5","OTU82",1
"516","e0b226f479feccc916025c6264dc907d","fc76b8bb39a352f7fd12a7ce4ef34cb5",1
"517","e0b226f479feccc916025c6264dc907d","a9d57835ce1de4a32c729b436a0baaf3",1
"518","e0b226f479feccc916025c6264dc907d","a0c2f591cb1d11a2317381c5da4b192b",1
"519","e0b226f479feccc916025c6264dc907d","c625fbc8a2a739bab190c5695a2b21a6",1
"520","e0b226f479feccc916025c6264dc907d","ee589d8ed9cde5ca8fde93c4ecf14dd6",1
"521","e0b226f479feccc916025c6264dc907d","b76765ae1d31845e09aca7b21fd2c04f",1
"522","e0b226f479feccc916025c6264dc907d","OTU81",1
"523","a6c620690202ecde18276c91c44478c5","9ad502a95b6e6ddf4de579cfa129339c",1
"524","a6c620690202ecde18276c91c44478c5","068271190a0c7130fc65b7a8a23d86d9",1
"525","a6c620690202ecde18276c91c44478c5","3cb3f9b106d3c5aec3f2cfbdac0edf4d",1
"526","ffcb9e0979248b4bc0d2074c8ecf40b3","8e0bc807be0124430f6be554b3b6decf",1
"527","ffcb9e0979248b4bc0d2074c8ecf40b3","fc76b8bb39a352f7fd12a7ce4ef34cb5",1
"528","ffcb9e0979248b4bc0d2074c8ecf40b3","c3ca5a009ce3f896cf0888a693813ff9",1
"529","ffcb9e0979248b4bc0d2074c8ecf40b3","a9d57835ce1de4a32c729b436a0baaf3",1
"530","ffcb9e0979248b4bc0d2074c8ecf40b3","f3dff17693fcf5a48ea7c59ae75780ee",1
"531","ffcb9e0979248b4bc0d2074c8ecf40b3","b4851b0f36ec65cd82d82946e4945cde",1
"532","ffcb9e0979248b4bc0d2074c8ecf40b3","f2bc3e83cc1efa9255f78892b0f590b6",1
"533","ffcb9e0979248b4bc0d2074c8ecf40b3","c625fbc8a2a739bab190c5695a2b21a6",1
"534","ffcb9e0979248b4bc0d2074c8ecf40b3","4df23b7afca23a9d286cfb1bf6f1307e",1
"535","ffcb9e0979248b4bc0d2074c8ecf40b3","69da8984cb86869d7cbb8526bf13df28",1
"536","ffcb9e0979248b4bc0d2074c8ecf40b3","4dd789de56eb68541e50a4fec77109c1",1
"537","ffcb9e0979248b4bc0d2074c8ecf40b3","db14b2ac362fbe2d2ad77b4c675f079e",1
"538","ffcb9e0979248b4bc0d2074c8ecf40b3","33b39c996dde92933cc7634fddc997c4",1
"539","ffcb9e0979248b4bc0d2074c8ecf40b3","c71dd526a00b97511fa0b1e76c83ae2a",1
"540","ffcb9e0979248b4bc0d2074c8ecf40b3","OTU178",1
"541","ffcb9e0979248b4bc0d2074c8ecf40b3","OTU19",1
"542","ffcb9e0979248b4bc0d2074c8ecf40b3","OTU2",1
"543","ffcb9e0979248b4bc0d2074c8ecf40b3","OTU23",1
"544","ffcb9e0979248b4bc0d2074c8ecf40b3","OTU4",1
"545","ffcb9e0979248b4bc0d2074c8ecf40b3","OTU44",1
"546","ffcb9e0979248b4bc0d2074c8ecf40b3","OTU46",1
"547","ffcb9e0979248b4bc0d2074c8ecf40b3","OTU81",1
"548","8bdea0ef7764f54a3f57c578cf91cd52","58343ded4183674f1c83b3a1bfaa59a6",1
"549","8bdea0ef7764f54a3f57c578cf91cd52","a8e0355d1538c2e5dacd829038731aeb",1
"550","8bdea0ef7764f54a3f57c578cf91cd52","73112b980fcdde07c2958de4630edb4f",1
"551","8bdea0ef7764f54a3f57c578cf91cd52","9b1d0fd5753ba97c72b64b845150ce53",1
"552","8bdea0ef7764f54a3f57c578cf91cd52","3f546046f1c813977e3eb4983a1bf8f8",1
"553","8bdea0ef7764f54a3f57c578cf91cd52","6c369f2ea5af632a315ab8f498b5bffb",1
"554","8bdea0ef7764f54a3f57c578cf91cd52","69da8984cb86869d7cbb8526bf13df28",1
"555","8bdea0ef7764f54a3f57c578cf91cd52","2b849c1e9e6bb94c4136743ea558781c",1
"556","8bdea0ef7764f54a3f57c578cf91cd52","e336b7bca667aa7341c88d5eac4a8bce",1
"557","8bdea0ef7764f54a3f57c578cf91cd52","4ec39a67a15ff8830fdd2e4429b6682d",1
"558","8bdea0ef7764f54a3f57c578cf91cd52","db14b2ac362fbe2d2ad77b4c675f079e",1
"559","8bdea0ef7764f54a3f57c578cf91cd52","f01a5f290ebb5d276a83dc34015870a6",1
"560","8bdea0ef7764f54a3f57c578cf91cd52","bdcd8b38e4609fd481693ce5e40f2996",1
"561","8bdea0ef7764f54a3f57c578cf91cd52","OTU1812",1
"562","8bdea0ef7764f54a3f57c578cf91cd52","OTU21",1
"563","8bdea0ef7764f54a3f57c578cf91cd52","OTU2158",1
"564","8bdea0ef7764f54a3f57c578cf91cd52","OTU53",1
"565","8bdea0ef7764f54a3f57c578cf91cd52","OTU6",1
"566","4dbdd9e8c30d81237dc6a66cc30373db","fae981eefb2d605235b5651c02f00d67",1
"567","4dbdd9e8c30d81237dc6a66cc30373db","e336b7bca667aa7341c88d5eac4a8bce",1
"568","bde433cdb31d310e262d7f21bb9455ad","6c369f2ea5af632a315ab8f498b5bffb",1
"569","bde433cdb31d310e262d7f21bb9455ad","OTU122",1
"570","bde433cdb31d310e262d7f21bb9455ad","OTU150",1
"571","bde433cdb31d310e262d7f21bb9455ad","OTU214",1
"572","bde433cdb31d310e262d7f21bb9455ad","OTU22",1
"573","bde433cdb31d310e262d7f21bb9455ad","OTU74",1
"574","8e0bc807be0124430f6be554b3b6decf","a9d57835ce1de4a32c729b436a0baaf3",1
"575","8e0bc807be0124430f6be554b3b6decf","cd1dc4908d042de04d57cfc691710ec1",1
"576","8e0bc807be0124430f6be554b3b6decf","16eb39d712e2ddc46007368b10caa8ec",1
"577","8e0bc807be0124430f6be554b3b6decf","OTU178",1
"578","8e0bc807be0124430f6be554b3b6decf","OTU42",1
"579","8e0bc807be0124430f6be554b3b6decf","OTU5",1
"580","ee873611e0c844309fae4d3f3c041767","OTU19",1
"581","354fbb9ef2315ae23717f1cea4eb64df","7add54b3fecf633e06f31290b89ff231",1
"582","354fbb9ef2315ae23717f1cea4eb64df","c298277dc9098aa9f6d6d7bef599d851",1
"583","354fbb9ef2315ae23717f1cea4eb64df","f064554bcb81b23028ef4659d0ece4df",1
"584","354fbb9ef2315ae23717f1cea4eb64df","ef333bad7ef7d7acaa3bbe125b4001ee",1
"585","354fbb9ef2315ae23717f1cea4eb64df","c320a01f9cb53cb375bad4a390145ac8",1
"586","354fbb9ef2315ae23717f1cea4eb64df","OTU48",1
"587","354fbb9ef2315ae23717f1cea4eb64df","OTU70",1
"588","30e7acb37b2024735a6bde132337547b","b6d8aaf84f853d80e58a458e015862a2",1
"589","fc76b8bb39a352f7fd12a7ce4ef34cb5","58343ded4183674f1c83b3a1bfaa59a6",1
"590","fc76b8bb39a352f7fd12a7ce4ef34cb5","a9d57835ce1de4a32c729b436a0baaf3",1
"591","fc76b8bb39a352f7fd12a7ce4ef34cb5","f3dff17693fcf5a48ea7c59ae75780ee",1
"592","fc76b8bb39a352f7fd12a7ce4ef34cb5","b4851b0f36ec65cd82d82946e4945cde",1
"593","fc76b8bb39a352f7fd12a7ce4ef34cb5","a8e0355d1538c2e5dacd829038731aeb",1
"594","fc76b8bb39a352f7fd12a7ce4ef34cb5","27b6e338e4f7ef9e79097bdf62ef4d59",1
"595","fc76b8bb39a352f7fd12a7ce4ef34cb5","c625fbc8a2a739bab190c5695a2b21a6",1
"596","fc76b8bb39a352f7fd12a7ce4ef34cb5","4df23b7afca23a9d286cfb1bf6f1307e",1
"597","fc76b8bb39a352f7fd12a7ce4ef34cb5","69da8984cb86869d7cbb8526bf13df28",1
"598","fc76b8bb39a352f7fd12a7ce4ef34cb5","2b849c1e9e6bb94c4136743ea558781c",1
"599","fc76b8bb39a352f7fd12a7ce4ef34cb5","4dd789de56eb68541e50a4fec77109c1",1
"600","fc76b8bb39a352f7fd12a7ce4ef34cb5","db14b2ac362fbe2d2ad77b4c675f079e",1
"601","fc76b8bb39a352f7fd12a7ce4ef34cb5","33b39c996dde92933cc7634fddc997c4",1
"602","fc76b8bb39a352f7fd12a7ce4ef34cb5","f01a5f290ebb5d276a83dc34015870a6",1
"603","fc76b8bb39a352f7fd12a7ce4ef34cb5","b76765ae1d31845e09aca7b21fd2c04f",1
"604","fc76b8bb39a352f7fd12a7ce4ef34cb5","5b3cd0f239da5afed6119a89de184a0c",1
"605","fc76b8bb39a352f7fd12a7ce4ef34cb5","OTU1736",1
"606","fc76b8bb39a352f7fd12a7ce4ef34cb5","OTU178",1
"607","fc76b8bb39a352f7fd12a7ce4ef34cb5","OTU18",1
"608","fc76b8bb39a352f7fd12a7ce4ef34cb5","OTU2",1
"609","fc76b8bb39a352f7fd12a7ce4ef34cb5","OTU20",1
"610","fc76b8bb39a352f7fd12a7ce4ef34cb5","OTU2158",1
"611","fc76b8bb39a352f7fd12a7ce4ef34cb5","OTU237",1
"612","fc76b8bb39a352f7fd12a7ce4ef34cb5","OTU42",1
"613","fc76b8bb39a352f7fd12a7ce4ef34cb5","OTU81",1
"614","58343ded4183674f1c83b3a1bfaa59a6","a9d57835ce1de4a32c729b436a0baaf3",1
"615","58343ded4183674f1c83b3a1bfaa59a6","a8e0355d1538c2e5dacd829038731aeb",1
"616","58343ded4183674f1c83b3a1bfaa59a6","27b6e338e4f7ef9e79097bdf62ef4d59",1
"617","58343ded4183674f1c83b3a1bfaa59a6","c720c55c8d2bd189e4604673d9c48b34",1
"618","58343ded4183674f1c83b3a1bfaa59a6","6c369f2ea5af632a315ab8f498b5bffb",1
"619","58343ded4183674f1c83b3a1bfaa59a6","69da8984cb86869d7cbb8526bf13df28",1
"620","58343ded4183674f1c83b3a1bfaa59a6","2b849c1e9e6bb94c4136743ea558781c",1
"621","58343ded4183674f1c83b3a1bfaa59a6","ee589d8ed9cde5ca8fde93c4ecf14dd6",1
"622","58343ded4183674f1c83b3a1bfaa59a6","e336b7bca667aa7341c88d5eac4a8bce",1
"623","58343ded4183674f1c83b3a1bfaa59a6","3255b1f04486e829d0a352f9428e22df",1
"624","58343ded4183674f1c83b3a1bfaa59a6","4ec39a67a15ff8830fdd2e4429b6682d",1
"625","58343ded4183674f1c83b3a1bfaa59a6","9ad502a95b6e6ddf4de579cfa129339c",1
"626","58343ded4183674f1c83b3a1bfaa59a6","f01a5f290ebb5d276a83dc34015870a6",1
"627","58343ded4183674f1c83b3a1bfaa59a6","182bf0fe4c1df3b4d65c00b4c00a1c01",1
"628","58343ded4183674f1c83b3a1bfaa59a6","068271190a0c7130fc65b7a8a23d86d9",1
"629","58343ded4183674f1c83b3a1bfaa59a6","bdcd8b38e4609fd481693ce5e40f2996",1
"630","58343ded4183674f1c83b3a1bfaa59a6","b76765ae1d31845e09aca7b21fd2c04f",1
"631","58343ded4183674f1c83b3a1bfaa59a6","5b3cd0f239da5afed6119a89de184a0c",1
"632","58343ded4183674f1c83b3a1bfaa59a6","OTU21",1
"633","58343ded4183674f1c83b3a1bfaa59a6","OTU2158",1
"634","58343ded4183674f1c83b3a1bfaa59a6","OTU55",1
"635","2c34e2c8d662ac7017ee434f86fb4727","512c63340f7b092bf0ad87e9f4e51572",1
"636","2c34e2c8d662ac7017ee434f86fb4727","e1aea782db8e335653217f5d2cc31449",1
"637","2c34e2c8d662ac7017ee434f86fb4727","7f970af5fa5e35322357b38696207e9f",1
"638","2c34e2c8d662ac7017ee434f86fb4727","ad82cabfb9d8602bed504248cd400c77",1
"639","2c34e2c8d662ac7017ee434f86fb4727","9850125501739ee2cdce7385b5966e41",1
"640","2c34e2c8d662ac7017ee434f86fb4727","OTU177",1
"641","084082af1ad65fb72e78591c5c6c4ce8","2c727e83bb44502e1bc6e2f47a4d533a",1
"642","084082af1ad65fb72e78591c5c6c4ce8","2b849c1e9e6bb94c4136743ea558781c",1
"643","084082af1ad65fb72e78591c5c6c4ce8","a053a5ac8bbe5e6ca074256d79eb4373",1
"644","084082af1ad65fb72e78591c5c6c4ce8","72ecb09d59b6fb01f6fffe723e2407bb",1
"645","084082af1ad65fb72e78591c5c6c4ce8","6a976dd01a81eb89bbf0dba29ea4a167",1
"646","084082af1ad65fb72e78591c5c6c4ce8","47cd034e51afa82f6f5423ade7e81206",1
"647","084082af1ad65fb72e78591c5c6c4ce8","9ad502a95b6e6ddf4de579cfa129339c",1
"648","084082af1ad65fb72e78591c5c6c4ce8","5b3cd0f239da5afed6119a89de184a0c",1
"649","084082af1ad65fb72e78591c5c6c4ce8","OTU178",1
"650","2c727e83bb44502e1bc6e2f47a4d533a","4b27cfcd245f7ffee8d0f9551260ff53",1
"651","2c727e83bb44502e1bc6e2f47a4d533a","6f431aeb72d74ec615f6d3d7c844415b",1
"652","2c727e83bb44502e1bc6e2f47a4d533a","b9167aefa2a9ca58748d63f51d8d312b",1
"653","2c727e83bb44502e1bc6e2f47a4d533a","a9d57835ce1de4a32c729b436a0baaf3",1
"654","2c727e83bb44502e1bc6e2f47a4d533a","27b6e338e4f7ef9e79097bdf62ef4d59",1
"655","2c727e83bb44502e1bc6e2f47a4d533a","c720c55c8d2bd189e4604673d9c48b34",1
"656","2c727e83bb44502e1bc6e2f47a4d533a","2b849c1e9e6bb94c4136743ea558781c",1
"657","2c727e83bb44502e1bc6e2f47a4d533a","39b14aa245f5d1dc0af6a93149e3be0c",1
"658","2c727e83bb44502e1bc6e2f47a4d533a","72ecb09d59b6fb01f6fffe723e2407bb",1
"659","2c727e83bb44502e1bc6e2f47a4d533a","6a976dd01a81eb89bbf0dba29ea4a167",1
"660","2c727e83bb44502e1bc6e2f47a4d533a","3255b1f04486e829d0a352f9428e22df",1
"661","2c727e83bb44502e1bc6e2f47a4d533a","47cd034e51afa82f6f5423ade7e81206",1
"662","2c727e83bb44502e1bc6e2f47a4d533a","9ad502a95b6e6ddf4de579cfa129339c",1
"663","2c727e83bb44502e1bc6e2f47a4d533a","9d2d4b5b40670ce94d055e23bd6903f5",1
"664","2c727e83bb44502e1bc6e2f47a4d533a","6b65c5404b283fa075ca26d3d31f01b9",1
"665","2c727e83bb44502e1bc6e2f47a4d533a","5b3cd0f239da5afed6119a89de184a0c",1
"666","4b27cfcd245f7ffee8d0f9551260ff53","512c63340f7b092bf0ad87e9f4e51572",1
"667","4b27cfcd245f7ffee8d0f9551260ff53","2539e1e5a5a0ea3e487e5a3a38d91dd0",1
"668","4b27cfcd245f7ffee8d0f9551260ff53","39b14aa245f5d1dc0af6a93149e3be0c",1
"669","4b27cfcd245f7ffee8d0f9551260ff53","6a976dd01a81eb89bbf0dba29ea4a167",1
"670","4b27cfcd245f7ffee8d0f9551260ff53","3255b1f04486e829d0a352f9428e22df",1
"671","4b27cfcd245f7ffee8d0f9551260ff53","47cd034e51afa82f6f5423ade7e81206",1
"672","4b27cfcd245f7ffee8d0f9551260ff53","7f970af5fa5e35322357b38696207e9f",1
"673","4b27cfcd245f7ffee8d0f9551260ff53","9850125501739ee2cdce7385b5966e41",1
"674","be661bd24140881a05bb2020a7bd6074","f2bc3e83cc1efa9255f78892b0f590b6",1
"675","be661bd24140881a05bb2020a7bd6074","65d14d573ef912cfd83bcb221018ccfb",1
"676","be661bd24140881a05bb2020a7bd6074","4ec39a67a15ff8830fdd2e4429b6682d",1
"677","be661bd24140881a05bb2020a7bd6074","9ad502a95b6e6ddf4de579cfa129339c",1
"678","6f431aeb72d74ec615f6d3d7c844415b","3255b1f04486e829d0a352f9428e22df",1
"679","6f431aeb72d74ec615f6d3d7c844415b","182bf0fe4c1df3b4d65c00b4c00a1c01",1
"680","6f431aeb72d74ec615f6d3d7c844415b","c71dd526a00b97511fa0b1e76c83ae2a",1
"681","6f431aeb72d74ec615f6d3d7c844415b","9d2d4b5b40670ce94d055e23bd6903f5",1
"682","a4fdef1a655e4ac1b9e651598444ea2c","f9e3c616364120f46116dc339aca6d9a",1
"683","a4fdef1a655e4ac1b9e651598444ea2c","OTU185",1
"684","a4fdef1a655e4ac1b9e651598444ea2c","OTU31",1
"685","e4fe1228e51ec88409df5332e0a1c6e0","ef333bad7ef7d7acaa3bbe125b4001ee",1
"686","e4fe1228e51ec88409df5332e0a1c6e0","c320a01f9cb53cb375bad4a390145ac8",1
"687","e4fe1228e51ec88409df5332e0a1c6e0","OTU150",1
"688","e4fe1228e51ec88409df5332e0a1c6e0","OTU214",1
"689","b9167aefa2a9ca58748d63f51d8d312b","16eb39d712e2ddc46007368b10caa8ec",1
"690","b9167aefa2a9ca58748d63f51d8d312b","ee589d8ed9cde5ca8fde93c4ecf14dd6",1
"691","b9167aefa2a9ca58748d63f51d8d312b","3255b1f04486e829d0a352f9428e22df",1
"692","b9167aefa2a9ca58748d63f51d8d312b","b154ef1308e382698ae878e60be28af5",1
"693","b9167aefa2a9ca58748d63f51d8d312b","5b3cd0f239da5afed6119a89de184a0c",1
"694","512c63340f7b092bf0ad87e9f4e51572","e1aea782db8e335653217f5d2cc31449",1
"695","512c63340f7b092bf0ad87e9f4e51572","2539e1e5a5a0ea3e487e5a3a38d91dd0",1
"696","512c63340f7b092bf0ad87e9f4e51572","87f37a8dfe82449719f3ef630b41853d",1
"697","512c63340f7b092bf0ad87e9f4e51572","7f970af5fa5e35322357b38696207e9f",1
"698","512c63340f7b092bf0ad87e9f4e51572","9850125501739ee2cdce7385b5966e41",1
"699","512c63340f7b092bf0ad87e9f4e51572","OTU1081",1
"700","512c63340f7b092bf0ad87e9f4e51572","OTU177",1
"701","c3ca5a009ce3f896cf0888a693813ff9","f2bc3e83cc1efa9255f78892b0f590b6",1
"702","c3ca5a009ce3f896cf0888a693813ff9","0be1fefb6907bdba0e887b3970906a52",1
"703","c3ca5a009ce3f896cf0888a693813ff9","2c2c37b8f97d2890bd0735855fab9532",1
"704","c3ca5a009ce3f896cf0888a693813ff9","d67b6b007ce2d39a1afda10dde80fd88",1
"705","c3ca5a009ce3f896cf0888a693813ff9","OTU217",1
"706","c3ca5a009ce3f896cf0888a693813ff9","OTU224",1
"707","c3ca5a009ce3f896cf0888a693813ff9","OTU23",1
"708","c3ca5a009ce3f896cf0888a693813ff9","OTU6",1
"709","548db05913896021aef7f25876611554","a6adc38ff4018cbbd74c71b51093ea45",1
"710","a9d57835ce1de4a32c729b436a0baaf3","f3dff17693fcf5a48ea7c59ae75780ee",1
"711","a9d57835ce1de4a32c729b436a0baaf3","b4851b0f36ec65cd82d82946e4945cde",1
"712","a9d57835ce1de4a32c729b436a0baaf3","a8e0355d1538c2e5dacd829038731aeb",1
"713","a9d57835ce1de4a32c729b436a0baaf3","27b6e338e4f7ef9e79097bdf62ef4d59",1
"714","a9d57835ce1de4a32c729b436a0baaf3","c625fbc8a2a739bab190c5695a2b21a6",1
"715","a9d57835ce1de4a32c729b436a0baaf3","69da8984cb86869d7cbb8526bf13df28",1
"716","a9d57835ce1de4a32c729b436a0baaf3","2b849c1e9e6bb94c4136743ea558781c",1
"717","a9d57835ce1de4a32c729b436a0baaf3","ee589d8ed9cde5ca8fde93c4ecf14dd6",1
"718","a9d57835ce1de4a32c729b436a0baaf3","db14b2ac362fbe2d2ad77b4c675f079e",1
"719","a9d57835ce1de4a32c729b436a0baaf3","33b39c996dde92933cc7634fddc997c4",1
"720","a9d57835ce1de4a32c729b436a0baaf3","f01a5f290ebb5d276a83dc34015870a6",1
"721","a9d57835ce1de4a32c729b436a0baaf3","bdcd8b38e4609fd481693ce5e40f2996",1
"722","a9d57835ce1de4a32c729b436a0baaf3","b408c66bb8f44f0cfeac683e63ef40b3",1
"723","a9d57835ce1de4a32c729b436a0baaf3","5b3cd0f239da5afed6119a89de184a0c",1
"724","a9d57835ce1de4a32c729b436a0baaf3","OTU178",1
"725","a9d57835ce1de4a32c729b436a0baaf3","OTU18",1
"726","a9d57835ce1de4a32c729b436a0baaf3","OTU1812",1
"727","a9d57835ce1de4a32c729b436a0baaf3","OTU19",1
"728","a9d57835ce1de4a32c729b436a0baaf3","OTU2",1
"729","a9d57835ce1de4a32c729b436a0baaf3","OTU20",1
"730","a9d57835ce1de4a32c729b436a0baaf3","OTU2158",1
"731","a9d57835ce1de4a32c729b436a0baaf3","OTU237",1
"732","a9d57835ce1de4a32c729b436a0baaf3","OTU60",1
"733","9d739e344b8c35584d63f0585c5271ab","ec0290f38c4cba4e526abb2303d3ab62",1
"734","f3dff17693fcf5a48ea7c59ae75780ee","b4851b0f36ec65cd82d82946e4945cde",1
"735","f3dff17693fcf5a48ea7c59ae75780ee","c625fbc8a2a739bab190c5695a2b21a6",1
"736","f3dff17693fcf5a48ea7c59ae75780ee","50f576b5c4f5d95cba5e2aa78a9df5a3",1
"737","f3dff17693fcf5a48ea7c59ae75780ee","69da8984cb86869d7cbb8526bf13df28",1
"738","f3dff17693fcf5a48ea7c59ae75780ee","OTU81",1
"739","1086f04637c6c035d4f4d6860a625c8c","OTU197",1
"740","1086f04637c6c035d4f4d6860a625c8c","OTU2274",1
"741","1086f04637c6c035d4f4d6860a625c8c","OTU271",1
"742","1086f04637c6c035d4f4d6860a625c8c","OTU82",1
"743","1086f04637c6c035d4f4d6860a625c8c","OTU96",1
"744","cd1dc4908d042de04d57cfc691710ec1","20f2649f6a0c36aa6459301019e2cb0a",1
"745","cd1dc4908d042de04d57cfc691710ec1","527bdb7bf2c3eec4f7fe8df0e3c058b6",1
"746","cd1dc4908d042de04d57cfc691710ec1","d8761000a4c10df6fe8c85491e14103b",1
"747","cd1dc4908d042de04d57cfc691710ec1","a0dbc70bedad2d55da18380954542f98",1
"748","cd1dc4908d042de04d57cfc691710ec1","OTU60",1
"749","2bb011af9120d953473f129b19d5fbd1","4dd789de56eb68541e50a4fec77109c1",1
"750","2bb011af9120d953473f129b19d5fbd1","33b39c996dde92933cc7634fddc997c4",1
"751","2bb011af9120d953473f129b19d5fbd1","OTU19",1
"752","2bb011af9120d953473f129b19d5fbd1","OTU23",1
"753","2bb011af9120d953473f129b19d5fbd1","OTU5",1
"754","e7a0b5363e922074101fc89952dd2bd4","OTU3",1
"755","20f2649f6a0c36aa6459301019e2cb0a","527bdb7bf2c3eec4f7fe8df0e3c058b6",1
"756","20f2649f6a0c36aa6459301019e2cb0a","73112b980fcdde07c2958de4630edb4f",1
"757","20f2649f6a0c36aa6459301019e2cb0a","d8761000a4c10df6fe8c85491e14103b",1
"758","20f2649f6a0c36aa6459301019e2cb0a","6c369f2ea5af632a315ab8f498b5bffb",1
"759","20f2649f6a0c36aa6459301019e2cb0a","e336b7bca667aa7341c88d5eac4a8bce",1
"760","20f2649f6a0c36aa6459301019e2cb0a","db14b2ac362fbe2d2ad77b4c675f079e",1
"761","20f2649f6a0c36aa6459301019e2cb0a","bdcd8b38e4609fd481693ce5e40f2996",1
"762","20f2649f6a0c36aa6459301019e2cb0a","b76765ae1d31845e09aca7b21fd2c04f",1
"763","20f2649f6a0c36aa6459301019e2cb0a","5b3cd0f239da5afed6119a89de184a0c",1
"764","20f2649f6a0c36aa6459301019e2cb0a","OTU170",1
"765","20f2649f6a0c36aa6459301019e2cb0a","OTU1812",1
"766","20f2649f6a0c36aa6459301019e2cb0a","OTU185",1
"767","20f2649f6a0c36aa6459301019e2cb0a","OTU232",1
"768","20f2649f6a0c36aa6459301019e2cb0a","OTU60",1
"769","b4851b0f36ec65cd82d82946e4945cde","27b6e338e4f7ef9e79097bdf62ef4d59",1
"770","b4851b0f36ec65cd82d82946e4945cde","db14b2ac362fbe2d2ad77b4c675f079e",1
"771","b4851b0f36ec65cd82d82946e4945cde","c71dd526a00b97511fa0b1e76c83ae2a",1
"772","b4851b0f36ec65cd82d82946e4945cde","OTU106",1
"773","b4851b0f36ec65cd82d82946e4945cde","OTU12",1
"774","b4851b0f36ec65cd82d82946e4945cde","OTU18",1
"775","b4851b0f36ec65cd82d82946e4945cde","OTU42",1
"776","7add54b3fecf633e06f31290b89ff231","OTU48",1
"777","f2bc3e83cc1efa9255f78892b0f590b6","0be1fefb6907bdba0e887b3970906a52",1
"778","f2bc3e83cc1efa9255f78892b0f590b6","3f546046f1c813977e3eb4983a1bf8f8",1
"779","f2bc3e83cc1efa9255f78892b0f590b6","2c2c37b8f97d2890bd0735855fab9532",1
"780","f2bc3e83cc1efa9255f78892b0f590b6","47cd034e51afa82f6f5423ade7e81206",1
"781","f2bc3e83cc1efa9255f78892b0f590b6","9ad502a95b6e6ddf4de579cfa129339c",1
"782","f2bc3e83cc1efa9255f78892b0f590b6","OTU224",1
"783","f2bc3e83cc1efa9255f78892b0f590b6","OTU23",1
"784","a8e0355d1538c2e5dacd829038731aeb","27b6e338e4f7ef9e79097bdf62ef4d59",1
"785","a8e0355d1538c2e5dacd829038731aeb","3f546046f1c813977e3eb4983a1bf8f8",1
"786","a8e0355d1538c2e5dacd829038731aeb","e336b7bca667aa7341c88d5eac4a8bce",1
"787","a8e0355d1538c2e5dacd829038731aeb","db14b2ac362fbe2d2ad77b4c675f079e",1
"788","a8e0355d1538c2e5dacd829038731aeb","f01a5f290ebb5d276a83dc34015870a6",1
"789","a8e0355d1538c2e5dacd829038731aeb","bdcd8b38e4609fd481693ce5e40f2996",1
"790","a8e0355d1538c2e5dacd829038731aeb","5b3cd0f239da5afed6119a89de184a0c",1
"791","a8e0355d1538c2e5dacd829038731aeb","OTU178",1
"792","a8e0355d1538c2e5dacd829038731aeb","OTU18",1
"793","a8e0355d1538c2e5dacd829038731aeb","OTU184",1
"794","a8e0355d1538c2e5dacd829038731aeb","OTU2",1
"795","a8e0355d1538c2e5dacd829038731aeb","OTU20",1
"796","a8e0355d1538c2e5dacd829038731aeb","OTU2158",1
"797","a8e0355d1538c2e5dacd829038731aeb","OTU237",1
"798","a8e0355d1538c2e5dacd829038731aeb","OTU53",1
"799","a8e0355d1538c2e5dacd829038731aeb","OTU60",1
"800","e5412d061ad3c27dc5791aae03540bd4","68313b4b5997a0cfa86853bbd389d7c2",1
"801","e5412d061ad3c27dc5791aae03540bd4","OTU146",1
"802","e5412d061ad3c27dc5791aae03540bd4","OTU42",1
"803","16eb39d712e2ddc46007368b10caa8ec","5b3cd0f239da5afed6119a89de184a0c",1
"804","761f694ea6cad51c1b7feeaafdfaa2f6","2b849c1e9e6bb94c4136743ea558781c",1
"805","761f694ea6cad51c1b7feeaafdfaa2f6","3255b1f04486e829d0a352f9428e22df",1
"806","761f694ea6cad51c1b7feeaafdfaa2f6","ceff1c2978a43424d660f05f3263feed",1
"807","761f694ea6cad51c1b7feeaafdfaa2f6","a84714b2e119a794a34197a141690f87",1
"808","761f694ea6cad51c1b7feeaafdfaa2f6","5b3cd0f239da5afed6119a89de184a0c",1
"809","761f694ea6cad51c1b7feeaafdfaa2f6","OTU14",1
"810","761f694ea6cad51c1b7feeaafdfaa2f6","OTU28",1
"811","0be1fefb6907bdba0e887b3970906a52","65d14d573ef912cfd83bcb221018ccfb",1
"812","0be1fefb6907bdba0e887b3970906a52","3afe3bff192e0bb73fddd0d2d79110f8",1
"813","0be1fefb6907bdba0e887b3970906a52","2c2c37b8f97d2890bd0735855fab9532",1
"814","0be1fefb6907bdba0e887b3970906a52","d67b6b007ce2d39a1afda10dde80fd88",1
"815","0be1fefb6907bdba0e887b3970906a52","OTU23",1
"816","0be1fefb6907bdba0e887b3970906a52","OTU31",1
"817","527bdb7bf2c3eec4f7fe8df0e3c058b6","fae981eefb2d605235b5651c02f00d67",1
"818","527bdb7bf2c3eec4f7fe8df0e3c058b6","d8761000a4c10df6fe8c85491e14103b",1
"819","527bdb7bf2c3eec4f7fe8df0e3c058b6","a0dbc70bedad2d55da18380954542f98",1
"820","527bdb7bf2c3eec4f7fe8df0e3c058b6","6c369f2ea5af632a315ab8f498b5bffb",1
"821","527bdb7bf2c3eec4f7fe8df0e3c058b6","e336b7bca667aa7341c88d5eac4a8bce",1
"822","527bdb7bf2c3eec4f7fe8df0e3c058b6","ad82cabfb9d8602bed504248cd400c77",1
"823","527bdb7bf2c3eec4f7fe8df0e3c058b6","OTU1081",1
"824","527bdb7bf2c3eec4f7fe8df0e3c058b6","OTU232",1
"825","527bdb7bf2c3eec4f7fe8df0e3c058b6","OTU78",1
"826","a0c2f591cb1d11a2317381c5da4b192b","9b1d0fd5753ba97c72b64b845150ce53",1
"827","a0c2f591cb1d11a2317381c5da4b192b","ee589d8ed9cde5ca8fde93c4ecf14dd6",1
"828","a0c2f591cb1d11a2317381c5da4b192b","OTU1812",1
"829","a0c2f591cb1d11a2317381c5da4b192b","OTU185",1
"830","a0c2f591cb1d11a2317381c5da4b192b","OTU237",1
"831","65d14d573ef912cfd83bcb221018ccfb","ef333bad7ef7d7acaa3bbe125b4001ee",1
"832","65d14d573ef912cfd83bcb221018ccfb","6b65c5404b283fa075ca26d3d31f01b9",1
"833","e1aea782db8e335653217f5d2cc31449","2539e1e5a5a0ea3e487e5a3a38d91dd0",1
"834","e1aea782db8e335653217f5d2cc31449","6a976dd01a81eb89bbf0dba29ea4a167",1
"835","e1aea782db8e335653217f5d2cc31449","87f37a8dfe82449719f3ef630b41853d",1
"836","e1aea782db8e335653217f5d2cc31449","7f970af5fa5e35322357b38696207e9f",1
"837","e1aea782db8e335653217f5d2cc31449","9850125501739ee2cdce7385b5966e41",1
"838","68313b4b5997a0cfa86853bbd389d7c2","b38739c9b5cefdb57fbd7a716f0a4b73",1
"839","68313b4b5997a0cfa86853bbd389d7c2","OTU158",1
"840","4025f27523c5ba705aca69a306862c37","OTU112",1
"841","4025f27523c5ba705aca69a306862c37","OTU142",1
"842","4025f27523c5ba705aca69a306862c37","OTU149",1
"843","4025f27523c5ba705aca69a306862c37","OTU37",1
"844","4025f27523c5ba705aca69a306862c37","OTU59",1
"845","f9e3c616364120f46116dc339aca6d9a","ecc8fb12ce78957fc012f2ede4936b49",1
"846","f9e3c616364120f46116dc339aca6d9a","39b14aa245f5d1dc0af6a93149e3be0c",1
"847","f9e3c616364120f46116dc339aca6d9a","OTU62",1
"848","c298277dc9098aa9f6d6d7bef599d851","f064554bcb81b23028ef4659d0ece4df",1
"849","27b6e338e4f7ef9e79097bdf62ef4d59","c720c55c8d2bd189e4604673d9c48b34",1
"850","27b6e338e4f7ef9e79097bdf62ef4d59","69da8984cb86869d7cbb8526bf13df28",1
"851","27b6e338e4f7ef9e79097bdf62ef4d59","2b849c1e9e6bb94c4136743ea558781c",1
"852","27b6e338e4f7ef9e79097bdf62ef4d59","db14b2ac362fbe2d2ad77b4c675f079e",1
"853","27b6e338e4f7ef9e79097bdf62ef4d59","9ad502a95b6e6ddf4de579cfa129339c",1
"854","27b6e338e4f7ef9e79097bdf62ef4d59","f01a5f290ebb5d276a83dc34015870a6",1
"855","27b6e338e4f7ef9e79097bdf62ef4d59","182bf0fe4c1df3b4d65c00b4c00a1c01",1
"856","27b6e338e4f7ef9e79097bdf62ef4d59","bdcd8b38e4609fd481693ce5e40f2996",1
"857","27b6e338e4f7ef9e79097bdf62ef4d59","b408c66bb8f44f0cfeac683e63ef40b3",1
"858","27b6e338e4f7ef9e79097bdf62ef4d59","5b3cd0f239da5afed6119a89de184a0c",1
"859","27b6e338e4f7ef9e79097bdf62ef4d59","OTU1",1
"860","27b6e338e4f7ef9e79097bdf62ef4d59","OTU178",1
"861","27b6e338e4f7ef9e79097bdf62ef4d59","OTU18",1
"862","27b6e338e4f7ef9e79097bdf62ef4d59","OTU21",1
"863","27b6e338e4f7ef9e79097bdf62ef4d59","OTU2158",1
"864","27b6e338e4f7ef9e79097bdf62ef4d59","OTU237",1
"865","27b6e338e4f7ef9e79097bdf62ef4d59","OTU24",1
"866","27b6e338e4f7ef9e79097bdf62ef4d59","OTU6",1
"867","fae981eefb2d605235b5651c02f00d67","a0dbc70bedad2d55da18380954542f98",1
"868","fae981eefb2d605235b5651c02f00d67","d67b6b007ce2d39a1afda10dde80fd88",1
"869","fae981eefb2d605235b5651c02f00d67","OTU1081",1
"870","fae981eefb2d605235b5651c02f00d67","OTU232",1
"871","73112b980fcdde07c2958de4630edb4f","9b1d0fd5753ba97c72b64b845150ce53",1
"872","73112b980fcdde07c2958de4630edb4f","4df23b7afca23a9d286cfb1bf6f1307e",1
"873","73112b980fcdde07c2958de4630edb4f","6c369f2ea5af632a315ab8f498b5bffb",1
"874","73112b980fcdde07c2958de4630edb4f","69da8984cb86869d7cbb8526bf13df28",1
"875","73112b980fcdde07c2958de4630edb4f","4ec39a67a15ff8830fdd2e4429b6682d",1
"876","73112b980fcdde07c2958de4630edb4f","db14b2ac362fbe2d2ad77b4c675f079e",1
"877","73112b980fcdde07c2958de4630edb4f","b76765ae1d31845e09aca7b21fd2c04f",1
"878","73112b980fcdde07c2958de4630edb4f","OTU15",1
"879","73112b980fcdde07c2958de4630edb4f","OTU170",1
"880","73112b980fcdde07c2958de4630edb4f","OTU185",1
"881","73112b980fcdde07c2958de4630edb4f","OTU339",1
"882","73112b980fcdde07c2958de4630edb4f","OTU97",1
"883","ecc8fb12ce78957fc012f2ede4936b49","c720c55c8d2bd189e4604673d9c48b34",1
"884","ecc8fb12ce78957fc012f2ede4936b49","39b14aa245f5d1dc0af6a93149e3be0c",1
"885","d8761000a4c10df6fe8c85491e14103b","a0dbc70bedad2d55da18380954542f98",1
"886","d8761000a4c10df6fe8c85491e14103b","6c369f2ea5af632a315ab8f498b5bffb",1
"887","d8761000a4c10df6fe8c85491e14103b","69da8984cb86869d7cbb8526bf13df28",1
"888","d8761000a4c10df6fe8c85491e14103b","83caeb50840686e471e8c598283033d7",1
"889","d8761000a4c10df6fe8c85491e14103b","e336b7bca667aa7341c88d5eac4a8bce",1
"890","d8761000a4c10df6fe8c85491e14103b","b154ef1308e382698ae878e60be28af5",1
"891","d8761000a4c10df6fe8c85491e14103b","b76765ae1d31845e09aca7b21fd2c04f",1
"892","d8761000a4c10df6fe8c85491e14103b","5b3cd0f239da5afed6119a89de184a0c",1
"893","d8761000a4c10df6fe8c85491e14103b","OTU1081",1
"894","d8761000a4c10df6fe8c85491e14103b","OTU232",1
"895","d8761000a4c10df6fe8c85491e14103b","OTU78",1
"896","3afe3bff192e0bb73fddd0d2d79110f8","d67b6b007ce2d39a1afda10dde80fd88",1
"897","3afe3bff192e0bb73fddd0d2d79110f8","OTU1081",1
"898","3afe3bff192e0bb73fddd0d2d79110f8","OTU232",1
"899","3afe3bff192e0bb73fddd0d2d79110f8","OTU31",1
"900","f064554bcb81b23028ef4659d0ece4df","OTU48",1
"901","c720c55c8d2bd189e4604673d9c48b34","2b849c1e9e6bb94c4136743ea558781c",1
"902","c720c55c8d2bd189e4604673d9c48b34","3255b1f04486e829d0a352f9428e22df",1
"903","c720c55c8d2bd189e4604673d9c48b34","ceff1c2978a43424d660f05f3263feed",1
"904","c720c55c8d2bd189e4604673d9c48b34","9ad502a95b6e6ddf4de579cfa129339c",1
"905","c720c55c8d2bd189e4604673d9c48b34","b154ef1308e382698ae878e60be28af5",1
"906","c720c55c8d2bd189e4604673d9c48b34","f01a5f290ebb5d276a83dc34015870a6",1
"907","c720c55c8d2bd189e4604673d9c48b34","182bf0fe4c1df3b4d65c00b4c00a1c01",1
"908","c720c55c8d2bd189e4604673d9c48b34","b76765ae1d31845e09aca7b21fd2c04f",1
"909","c720c55c8d2bd189e4604673d9c48b34","5b3cd0f239da5afed6119a89de184a0c",1
"910","2539e1e5a5a0ea3e487e5a3a38d91dd0","6c369f2ea5af632a315ab8f498b5bffb",1
"911","2539e1e5a5a0ea3e487e5a3a38d91dd0","3255b1f04486e829d0a352f9428e22df",1
"912","2539e1e5a5a0ea3e487e5a3a38d91dd0","87f37a8dfe82449719f3ef630b41853d",1
"913","2539e1e5a5a0ea3e487e5a3a38d91dd0","7f970af5fa5e35322357b38696207e9f",1
"914","2539e1e5a5a0ea3e487e5a3a38d91dd0","OTU1081",1
"915","4fe2c3e702f535b154a6444501af9776","1269a42ef0ac293f432d37956d87995d",1
"916","4fe2c3e702f535b154a6444501af9776","a84714b2e119a794a34197a141690f87",1
"917","4fe2c3e702f535b154a6444501af9776","OTU14",1
"918","4fe2c3e702f535b154a6444501af9776","OTU159",1
"919","4fe2c3e702f535b154a6444501af9776","OTU28",1
"920","4fe2c3e702f535b154a6444501af9776","OTU84",1
"921","ef333bad7ef7d7acaa3bbe125b4001ee","c320a01f9cb53cb375bad4a390145ac8",1
"922","ef333bad7ef7d7acaa3bbe125b4001ee","6a976dd01a81eb89bbf0dba29ea4a167",1
"923","ef333bad7ef7d7acaa3bbe125b4001ee","47cd034e51afa82f6f5423ade7e81206",1
"924","ef333bad7ef7d7acaa3bbe125b4001ee","6b65c5404b283fa075ca26d3d31f01b9",1
"925","c625fbc8a2a739bab190c5695a2b21a6","b6d6f972acb4d3c2c6ab4b9ef4ef9a0c",1
"926","c625fbc8a2a739bab190c5695a2b21a6","OTU184",1
"927","c625fbc8a2a739bab190c5695a2b21a6","OTU205",1
"928","c625fbc8a2a739bab190c5695a2b21a6","OTU81",1
"929","50f576b5c4f5d95cba5e2aa78a9df5a3","OTU229",1
"930","50f576b5c4f5d95cba5e2aa78a9df5a3","OTU353",1
"931","f558963181364a89a4e97f08cdab9be7","cb1d60cb2515e380ee10dfab019b1591",1
"932","9b1d0fd5753ba97c72b64b845150ce53","69da8984cb86869d7cbb8526bf13df28",1
"933","9b1d0fd5753ba97c72b64b845150ce53","69db598bfebc8991d04dafbf7a1206c0",1
"934","9b1d0fd5753ba97c72b64b845150ce53","e336b7bca667aa7341c88d5eac4a8bce",1
"935","9b1d0fd5753ba97c72b64b845150ce53","db14b2ac362fbe2d2ad77b4c675f079e",1
"936","9b1d0fd5753ba97c72b64b845150ce53","b76765ae1d31845e09aca7b21fd2c04f",1
"937","9b1d0fd5753ba97c72b64b845150ce53","OTU78",1
"938","24564862f1eec0beec389746f6658551","7132c215ecbc5958ec5192a5fc55fd35",1
"939","24564862f1eec0beec389746f6658551","OTU2347",1
"940","24564862f1eec0beec389746f6658551","OTU66",1
"941","7132c215ecbc5958ec5192a5fc55fd35","OTU2347",1
"942","7132c215ecbc5958ec5192a5fc55fd35","OTU66",1
"943","1cd19abd1344268e4499a33b2f0fce42","b38739c9b5cefdb57fbd7a716f0a4b73",1
"944","1cd19abd1344268e4499a33b2f0fce42","1269a42ef0ac293f432d37956d87995d",1
"945","1cd19abd1344268e4499a33b2f0fce42","OTU62",1
"946","4df23b7afca23a9d286cfb1bf6f1307e","69da8984cb86869d7cbb8526bf13df28",1
"947","4df23b7afca23a9d286cfb1bf6f1307e","db14b2ac362fbe2d2ad77b4c675f079e",1
"948","4df23b7afca23a9d286cfb1bf6f1307e","b76765ae1d31845e09aca7b21fd2c04f",1
"949","4df23b7afca23a9d286cfb1bf6f1307e","OTU18",1
"950","4df23b7afca23a9d286cfb1bf6f1307e","OTU81",1
"951","a0dbc70bedad2d55da18380954542f98","6c369f2ea5af632a315ab8f498b5bffb",1
"952","a0dbc70bedad2d55da18380954542f98","83caeb50840686e471e8c598283033d7",1
"953","b38739c9b5cefdb57fbd7a716f0a4b73","OTU14",1
"954","ba2016c3a2a018069acc96e4e78d1625","OTU175",1
"955","ba2016c3a2a018069acc96e4e78d1625","OTU46",1
"956","439d648396657982e68f7d2fa10b6610","954076b87191336952041af365c1bb32",1
"957","439d648396657982e68f7d2fa10b6610","a84714b2e119a794a34197a141690f87",1
"958","c320a01f9cb53cb375bad4a390145ac8","OTU135",1
"959","3f546046f1c813977e3eb4983a1bf8f8","69db598bfebc8991d04dafbf7a1206c0",1
"960","3f546046f1c813977e3eb4983a1bf8f8","9ad502a95b6e6ddf4de579cfa129339c",1
"961","3f546046f1c813977e3eb4983a1bf8f8","OTU178",1
"962","3f546046f1c813977e3eb4983a1bf8f8","OTU184",1
"963","3f546046f1c813977e3eb4983a1bf8f8","OTU2",1
"964","3f546046f1c813977e3eb4983a1bf8f8","OTU23",1
"965","6c369f2ea5af632a315ab8f498b5bffb","69da8984cb86869d7cbb8526bf13df28",1
"966","6c369f2ea5af632a315ab8f498b5bffb","83caeb50840686e471e8c598283033d7",1
"967","6c369f2ea5af632a315ab8f498b5bffb","e336b7bca667aa7341c88d5eac4a8bce",1
"968","6c369f2ea5af632a315ab8f498b5bffb","3255b1f04486e829d0a352f9428e22df",1
"969","6c369f2ea5af632a315ab8f498b5bffb","87f37a8dfe82449719f3ef630b41853d",1
"970","6c369f2ea5af632a315ab8f498b5bffb","f01a5f290ebb5d276a83dc34015870a6",1
"971","6c369f2ea5af632a315ab8f498b5bffb","bdcd8b38e4609fd481693ce5e40f2996",1
"972","6c369f2ea5af632a315ab8f498b5bffb","b76765ae1d31845e09aca7b21fd2c04f",1
"973","6c369f2ea5af632a315ab8f498b5bffb","ad82cabfb9d8602bed504248cd400c77",1
"974","6c369f2ea5af632a315ab8f498b5bffb","5b3cd0f239da5afed6119a89de184a0c",1
"975","6c369f2ea5af632a315ab8f498b5bffb","OTU1081",1
"976","6c369f2ea5af632a315ab8f498b5bffb","OTU1812",1
"977","6c369f2ea5af632a315ab8f498b5bffb","OTU22",1
"978","6c369f2ea5af632a315ab8f498b5bffb","OTU232",1
"979","a6adc38ff4018cbbd74c71b51093ea45","3cb3f9b106d3c5aec3f2cfbdac0edf4d",1
"980","a6adc38ff4018cbbd74c71b51093ea45","cb1d60cb2515e380ee10dfab019b1591",1
"981","69da8984cb86869d7cbb8526bf13df28","e336b7bca667aa7341c88d5eac4a8bce",1
"982","69da8984cb86869d7cbb8526bf13df28","f01a5f290ebb5d276a83dc34015870a6",1
"983","69da8984cb86869d7cbb8526bf13df28","bdcd8b38e4609fd481693ce5e40f2996",1
"984","69da8984cb86869d7cbb8526bf13df28","b76765ae1d31845e09aca7b21fd2c04f",1
"985","69da8984cb86869d7cbb8526bf13df28","5b3cd0f239da5afed6119a89de184a0c",1
"986","69da8984cb86869d7cbb8526bf13df28","OTU15",1
"987","69da8984cb86869d7cbb8526bf13df28","OTU18",1
"988","69da8984cb86869d7cbb8526bf13df28","OTU78",1
"989","2b849c1e9e6bb94c4136743ea558781c","4ec39a67a15ff8830fdd2e4429b6682d",1
"990","2b849c1e9e6bb94c4136743ea558781c","ceff1c2978a43424d660f05f3263feed",1
"991","2b849c1e9e6bb94c4136743ea558781c","9ad502a95b6e6ddf4de579cfa129339c",1
"992","2b849c1e9e6bb94c4136743ea558781c","ec3be7cb1b084419b4197a97363e5926",1
"993","2b849c1e9e6bb94c4136743ea558781c","f01a5f290ebb5d276a83dc34015870a6",1
"994","2b849c1e9e6bb94c4136743ea558781c","b408c66bb8f44f0cfeac683e63ef40b3",1
"995","2b849c1e9e6bb94c4136743ea558781c","OTU21",1
"996","2b849c1e9e6bb94c4136743ea558781c","OTU28",1
"997","2b849c1e9e6bb94c4136743ea558781c","OTU6",1
"998","e975e659c2a86ceeab417c40f7f6528f","OTU221",1
"999","e975e659c2a86ceeab417c40f7f6528f","OTU23",1
"1000","e975e659c2a86ceeab417c40f7f6528f","OTU90",1
"1001","69db598bfebc8991d04dafbf7a1206c0","9ad502a95b6e6ddf4de579cfa129339c",1
"1002","69db598bfebc8991d04dafbf7a1206c0","OTU28",1
"1003","69db598bfebc8991d04dafbf7a1206c0","OTU7",1
"1004","83caeb50840686e471e8c598283033d7","3255b1f04486e829d0a352f9428e22df",1
"1005","83caeb50840686e471e8c598283033d7","5b3cd0f239da5afed6119a89de184a0c",1
"1006","83caeb50840686e471e8c598283033d7","OTU22",1
"1007","a053a5ac8bbe5e6ca074256d79eb4373","72ecb09d59b6fb01f6fffe723e2407bb",1
"1008","a053a5ac8bbe5e6ca074256d79eb4373","6a976dd01a81eb89bbf0dba29ea4a167",1
"1009","a053a5ac8bbe5e6ca074256d79eb4373","47cd034e51afa82f6f5423ade7e81206",1
"1010","a053a5ac8bbe5e6ca074256d79eb4373","9850125501739ee2cdce7385b5966e41",1
"1011","a053a5ac8bbe5e6ca074256d79eb4373","OTU146",1
"1012","4dd789de56eb68541e50a4fec77109c1","b76765ae1d31845e09aca7b21fd2c04f",1
"1013","4dd789de56eb68541e50a4fec77109c1","c71dd526a00b97511fa0b1e76c83ae2a",1
"1014","4dd789de56eb68541e50a4fec77109c1","e58f2018f73cf9368879a0301673867e",1
"1015","4dd789de56eb68541e50a4fec77109c1","OTU16",1
"1016","4dd789de56eb68541e50a4fec77109c1","OTU23",1
"1017","4dd789de56eb68541e50a4fec77109c1","OTU6",1
"1018","b6d6f972acb4d3c2c6ab4b9ef4ef9a0c","b154ef1308e382698ae878e60be28af5",1
"1019","b6d6f972acb4d3c2c6ab4b9ef4ef9a0c","OTU46",1
"1020","39b14aa245f5d1dc0af6a93149e3be0c","72ecb09d59b6fb01f6fffe723e2407bb",1
"1021","39b14aa245f5d1dc0af6a93149e3be0c","ceff1c2978a43424d660f05f3263feed",1
"1022","39b14aa245f5d1dc0af6a93149e3be0c","9d2d4b5b40670ce94d055e23bd6903f5",1
"1023","39b14aa245f5d1dc0af6a93149e3be0c","OTU186",1
"1024","39b14aa245f5d1dc0af6a93149e3be0c","OTU97",1
"1025","82fe2f9667493c5dfef53ab4a87ff221","e58f2018f73cf9368879a0301673867e",1
"1026","ee589d8ed9cde5ca8fde93c4ecf14dd6","b154ef1308e382698ae878e60be28af5",1
"1027","ee589d8ed9cde5ca8fde93c4ecf14dd6","f01a5f290ebb5d276a83dc34015870a6",1
"1028","ee589d8ed9cde5ca8fde93c4ecf14dd6","b76765ae1d31845e09aca7b21fd2c04f",1
"1029","ee589d8ed9cde5ca8fde93c4ecf14dd6","OTU175",1
"1030","ee589d8ed9cde5ca8fde93c4ecf14dd6","OTU46",1
"1031","ee589d8ed9cde5ca8fde93c4ecf14dd6","OTU78",1
"1032","72ecb09d59b6fb01f6fffe723e2407bb","6a976dd01a81eb89bbf0dba29ea4a167",1
"1033","72ecb09d59b6fb01f6fffe723e2407bb","47cd034e51afa82f6f5423ade7e81206",1
"1034","72ecb09d59b6fb01f6fffe723e2407bb","9ad502a95b6e6ddf4de579cfa129339c",1
"1035","72ecb09d59b6fb01f6fffe723e2407bb","9d2d4b5b40670ce94d055e23bd6903f5",1
"1036","72ecb09d59b6fb01f6fffe723e2407bb","OTU96",1
"1037","6a976dd01a81eb89bbf0dba29ea4a167","47cd034e51afa82f6f5423ade7e81206",1
"1038","6a976dd01a81eb89bbf0dba29ea4a167","9ad502a95b6e6ddf4de579cfa129339c",1
"1039","6a976dd01a81eb89bbf0dba29ea4a167","9d2d4b5b40670ce94d055e23bd6903f5",1
"1040","6a976dd01a81eb89bbf0dba29ea4a167","9850125501739ee2cdce7385b5966e41",1
"1041","6a976dd01a81eb89bbf0dba29ea4a167","OTU117",1
"1042","6a976dd01a81eb89bbf0dba29ea4a167","OTU154",1
"1043","e336b7bca667aa7341c88d5eac4a8bce","db14b2ac362fbe2d2ad77b4c675f079e",1
"1044","e336b7bca667aa7341c88d5eac4a8bce","f01a5f290ebb5d276a83dc34015870a6",1
"1045","e336b7bca667aa7341c88d5eac4a8bce","b76765ae1d31845e09aca7b21fd2c04f",1
"1046","e336b7bca667aa7341c88d5eac4a8bce","OTU1081",1
"1047","e336b7bca667aa7341c88d5eac4a8bce","OTU232",1
"1048","2c2c37b8f97d2890bd0735855fab9532","OTU23",1
"1049","2c2c37b8f97d2890bd0735855fab9532","OTU31",1
"1050","3255b1f04486e829d0a352f9428e22df","b154ef1308e382698ae878e60be28af5",1
"1051","3255b1f04486e829d0a352f9428e22df","5b3cd0f239da5afed6119a89de184a0c",1
"1052","3255b1f04486e829d0a352f9428e22df","OTU150",1
"1053","3255b1f04486e829d0a352f9428e22df","OTU22",1
"1054","4ec39a67a15ff8830fdd2e4429b6682d","db14b2ac362fbe2d2ad77b4c675f079e",1
"1055","4ec39a67a15ff8830fdd2e4429b6682d","f01a5f290ebb5d276a83dc34015870a6",1
"1056","4ec39a67a15ff8830fdd2e4429b6682d","OTU111",1
"1057","4ec39a67a15ff8830fdd2e4429b6682d","OTU21",1
"1058","47cd034e51afa82f6f5423ade7e81206","9ad502a95b6e6ddf4de579cfa129339c",1
"1059","47cd034e51afa82f6f5423ade7e81206","9d2d4b5b40670ce94d055e23bd6903f5",1
"1060","47cd034e51afa82f6f5423ade7e81206","6b65c5404b283fa075ca26d3d31f01b9",1
"1061","47cd034e51afa82f6f5423ade7e81206","9850125501739ee2cdce7385b5966e41",1
"1062","47cd034e51afa82f6f5423ade7e81206","OTU146",1
"1063","47cd034e51afa82f6f5423ade7e81206","OTU154",1
"1064","db14b2ac362fbe2d2ad77b4c675f079e","33b39c996dde92933cc7634fddc997c4",1
"1065","db14b2ac362fbe2d2ad77b4c675f079e","f01a5f290ebb5d276a83dc34015870a6",1
"1066","db14b2ac362fbe2d2ad77b4c675f079e","bdcd8b38e4609fd481693ce5e40f2996",1
"1067","db14b2ac362fbe2d2ad77b4c675f079e","b76765ae1d31845e09aca7b21fd2c04f",1
"1068","db14b2ac362fbe2d2ad77b4c675f079e","OTU111",1
"1069","db14b2ac362fbe2d2ad77b4c675f079e","OTU170",1
"1070","db14b2ac362fbe2d2ad77b4c675f079e","OTU18",1
"1071","db14b2ac362fbe2d2ad77b4c675f079e","OTU1812",1
"1072","db14b2ac362fbe2d2ad77b4c675f079e","OTU185",1
"1073","ceff1c2978a43424d660f05f3263feed","f01a5f290ebb5d276a83dc34015870a6",1
"1074","ceff1c2978a43424d660f05f3263feed","b6d8aaf84f853d80e58a458e015862a2",1
"1075","ceff1c2978a43424d660f05f3263feed","OTU2075",1
"1076","ceff1c2978a43424d660f05f3263feed","OTU2158",1
"1077","ceff1c2978a43424d660f05f3263feed","OTU50",1
"1078","9ad502a95b6e6ddf4de579cfa129339c","f01a5f290ebb5d276a83dc34015870a6",1
"1079","9ad502a95b6e6ddf4de579cfa129339c","182bf0fe4c1df3b4d65c00b4c00a1c01",1
"1080","9ad502a95b6e6ddf4de579cfa129339c","6b65c5404b283fa075ca26d3d31f01b9",1
"1081","9157a6ba0b0a359304f76dbfc91685a2","OTU5",1
"1082","87f37a8dfe82449719f3ef630b41853d","7f970af5fa5e35322357b38696207e9f",1
"1083","87f37a8dfe82449719f3ef630b41853d","ad82cabfb9d8602bed504248cd400c77",1
"1084","87f37a8dfe82449719f3ef630b41853d","OTU1081",1
"1085","d67b6b007ce2d39a1afda10dde80fd88","OTU23",1
"1086","d67b6b007ce2d39a1afda10dde80fd88","OTU31",1
"1087","33b39c996dde92933cc7634fddc997c4","OTU19",1
"1088","33b39c996dde92933cc7634fddc997c4","OTU194",1
"1089","33b39c996dde92933cc7634fddc997c4","OTU2",1
"1090","33b39c996dde92933cc7634fddc997c4","OTU23",1
"1091","33b39c996dde92933cc7634fddc997c4","OTU5",1
"1092","b154ef1308e382698ae878e60be28af5","OTU175",1
"1093","b154ef1308e382698ae878e60be28af5","OTU46",1
"1094","b154ef1308e382698ae878e60be28af5","OTU78",1
"1095","f01a5f290ebb5d276a83dc34015870a6","068271190a0c7130fc65b7a8a23d86d9",1
"1096","f01a5f290ebb5d276a83dc34015870a6","bdcd8b38e4609fd481693ce5e40f2996",1
"1097","f01a5f290ebb5d276a83dc34015870a6","b76765ae1d31845e09aca7b21fd2c04f",1
"1098","f01a5f290ebb5d276a83dc34015870a6","5b3cd0f239da5afed6119a89de184a0c",1
"1099","f01a5f290ebb5d276a83dc34015870a6","OTU1736",1
"1100","f01a5f290ebb5d276a83dc34015870a6","OTU18",1
"1101","f01a5f290ebb5d276a83dc34015870a6","OTU2075",1
"1102","f01a5f290ebb5d276a83dc34015870a6","OTU21",1
"1103","f01a5f290ebb5d276a83dc34015870a6","OTU2158",1
"1104","f01a5f290ebb5d276a83dc34015870a6","OTU237",1
"1105","f01a5f290ebb5d276a83dc34015870a6","OTU53",1
"1106","f01a5f290ebb5d276a83dc34015870a6","OTU55",1
"1107","35f5d924d6a622de81a1a0fa39f4fec1","OTU111",1
"1108","bdcd8b38e4609fd481693ce5e40f2996","OTU107",1
"1109","bdcd8b38e4609fd481693ce5e40f2996","OTU18",1
"1110","bdcd8b38e4609fd481693ce5e40f2996","OTU1812",1
"1111","bdcd8b38e4609fd481693ce5e40f2996","OTU237",1
"1112","bdcd8b38e4609fd481693ce5e40f2996","OTU91",1
"1113","b76765ae1d31845e09aca7b21fd2c04f","OTU78",1
"1114","7f970af5fa5e35322357b38696207e9f","9850125501739ee2cdce7385b5966e41",1
"1115","7f970af5fa5e35322357b38696207e9f","OTU1081",1
"1116","7f970af5fa5e35322357b38696207e9f","OTU177",1
"1117","c71dd526a00b97511fa0b1e76c83ae2a","OTU8",1
"1118","ad82cabfb9d8602bed504248cd400c77","OTU1081",1
"1119","ad82cabfb9d8602bed504248cd400c77","OTU170",1
"1120","ad82cabfb9d8602bed504248cd400c77","OTU1812",1
"1121","ad82cabfb9d8602bed504248cd400c77","OTU232",1
"1122","154e96dcf8fc6df5b318dbe8add88dcc","OTU67",1
"1123","b6d8aaf84f853d80e58a458e015862a2","OTU14",1
"1124","e58f2018f73cf9368879a0301673867e","OTU139",1
"1125","e58f2018f73cf9368879a0301673867e","OTU16",1
"1126","e58f2018f73cf9368879a0301673867e","OTU58",1
"1127","b408c66bb8f44f0cfeac683e63ef40b3","OTU18",1
"1128","b408c66bb8f44f0cfeac683e63ef40b3","OTU1812",1
"1129","b408c66bb8f44f0cfeac683e63ef40b3","OTU21",1
"1130","b408c66bb8f44f0cfeac683e63ef40b3","OTU48",1
"1131","b408c66bb8f44f0cfeac683e63ef40b3","OTU78",1
"1132","6b65c5404b283fa075ca26d3d31f01b9","OTU48",1
"1133","6b65c5404b283fa075ca26d3d31f01b9","OTU70",1
"1134","2407a313794794a6fd1f0b361bb6f20d","OTU110",1
"1135","633a5143381a2be853afec42b83856c7","OTU107",1
"1136","9850125501739ee2cdce7385b5966e41","OTU115",1
"1137","9850125501739ee2cdce7385b5966e41","OTU154",1
"1138","5b3cd0f239da5afed6119a89de184a0c","OTU178",1
"1139","5b3cd0f239da5afed6119a89de184a0c","OTU60",1
"1140","OTU1","OTU178",1
"1141","OTU1","OTU2075",1
"1142","OTU1","OTU2158",1
"1143","OTU101","OTU175",1
"1144","OTU101","OTU311",1
"1145","OTU101","OTU424",1
"1146","OTU101","OTU46",1
"1147","OTU103","OTU111",1
"1148","OTU103","OTU173",1
"1149","OTU103","OTU66",1
"1150","OTU103","OTU94",1
"1151","OTU103","OTU99",1
"1152","OTU105","OTU309",1
"1153","OTU106","OTU264",1
"1154","OTU106","OTU291",1
"1155","OTU106","OTU353",1
"1156","OTU106","OTU94",1
"1157","OTU107","OTU19",1
"1158","OTU107","OTU317",1
"1159","OTU1081","OTU177",1
"1160","OTU1081","OTU232",1
"1161","OTU109","OTU138",1
"1162","OTU109","OTU265",1
"1163","OTU109","OTU287",1
"1164","OTU109","OTU295",1
"1165","OTU109","OTU303",1
"1166","OTU11","OTU176",1
"1167","OTU11","OTU66",1
"1168","OTU11","OTU9",1
"1169","OTU111","OTU55",1
"1170","OTU112","OTU142",1
"1171","OTU112","OTU149",1
"1172","OTU112","OTU37",1
"1173","OTU115","OTU146",1
"1174","OTU115","OTU154",1
"1175","OTU116","OTU137",1
"1176","OTU116","OTU158",1
"1177","OTU116","OTU239",1
"1178","OTU116","OTU251",1
"1179","OTU116","OTU253",1
"1180","OTU116","OTU274",1
"1181","OTU116","OTU32",1
"1182","OTU116","OTU62",1
"1183","OTU117","OTU2274",1
"1184","OTU117","OTU48",1
"1185","OTU117","OTU70",1
"1186","OTU121","OTU136",1
"1187","OTU121","OTU137",1
"1188","OTU121","OTU219",1
"1189","OTU121","OTU409",1
"1190","OTU121","OTU56",1
"1191","OTU122","OTU150",1
"1192","OTU122","OTU201",1
"1193","OTU122","OTU214",1
"1194","OTU122","OTU22",1
"1195","OTU122","OTU74",1
"1196","OTU129","OTU2",1
"1197","OTU135","OTU163",1
"1198","OTU135","OTU2274",1
"1199","OTU135","OTU92",1
"1200","OTU136","OTU219",1
"1201","OTU136","OTU409",1
"1202","OTU136","OTU56",1
"1203","OTU137","OTU178",1
"1204","OTU137","OTU251",1
"1205","OTU137","OTU274",1
"1206","OTU137","OTU280",1
"1207","OTU137","OTU424",1
"1208","OTU138","OTU15",1
"1209","OTU138","OTU265",1
"1210","OTU138","OTU287",1
"1211","OTU138","OTU295",1
"1212","OTU138","OTU303",1
"1213","OTU139","OTU16",1
"1214","OTU139","OTU168",1
"1215","OTU139","OTU216",1
"1216","OTU139","OTU230",1
"1217","OTU139","OTU29",1
"1218","OTU139","OTU58",1
"1219","OTU139","OTU61",1
"1220","OTU14","OTU17",1
"1221","OTU14","OTU25",1
"1222","OTU14","OTU28",1
"1223","OTU14","OTU308",1
"1224","OTU14","OTU34",1
"1225","OTU14","OTU63",1
"1226","OTU14","OTU7",1
"1227","OTU14","OTU84",1
"1228","OTU140","OTU171",1
"1229","OTU140","OTU331",1
"1230","OTU140","OTU75",1
"1231","OTU142","OTU149",1
"1232","OTU142","OTU37",1
"1233","OTU146","OTU154",1
"1234","OTU146","OTU178",1
"1235","OTU146","OTU42",1
"1236","OTU146","OTU68",1
"1237","OTU146","OTU96",1
"1238","OTU147","OTU218",1
"1239","OTU147","OTU38",1
"1240","OTU149","OTU2",1
"1241","OTU149","OTU242",1
"1242","OTU149","OTU37",1
"1243","OTU15","OTU265",1
"1244","OTU15","OTU287",1
"1245","OTU15","OTU295",1
"1246","OTU15","OTU303",1
"1247","OTU150","OTU201",1
"1248","OTU150","OTU214",1
"1249","OTU150","OTU22",1
"1250","OTU150","OTU232",1
"1251","OTU150","OTU74",1
"1252","OTU152","OTU179",1
"1253","OTU156","OTU253",1
"1254","OTU158","OTU32",1
"1255","OTU159","OTU28",1
"1256","OTU16","OTU168",1
"1257","OTU16","OTU216",1
"1258","OTU16","OTU230",1
"1259","OTU16","OTU58",1
"1260","OTU162","OTU194",1
"1261","OTU163","OTU218",1
"1262","OTU163","OTU38",1
"1263","OTU163","OTU68",1
"1264","OTU168","OTU216",1
"1265","OTU168","OTU218",1
"1266","OTU168","OTU230",1
"1267","OTU168","OTU29",1
"1268","OTU168","OTU58",1
"1269","OTU169","OTU217",1
"1270","OTU169","OTU221",1
"1271","OTU169","OTU224",1
"1272","OTU169","OTU90",1
"1273","OTU17","OTU25",1
"1274","OTU17","OTU28",1
"1275","OTU17","OTU308",1
"1276","OTU17","OTU34",1
"1277","OTU17","OTU63",1
"1278","OTU17","OTU7",1
"1279","OTU17","OTU84",1
"1280","OTU170","OTU1812",1
"1281","OTU170","OTU185",1
"1282","OTU170","OTU186",1
"1283","OTU170","OTU232",1
"1284","OTU170","OTU73",1
"1285","OTU170","OTU97",1
"1286","OTU171","OTU331",1
"1287","OTU171","OTU75",1
"1288","OTU172","OTU288",1
"1289","OTU173","OTU75",1
"1290","OTU173","OTU94",1
"1291","OTU1736","OTU2015",1
"1292","OTU1736","OTU2075",1
"1293","OTU1736","OTU2158",1
"1294","OTU1736","OTU53",1
"1295","OTU174","OTU252",1
"1296","OTU175","OTU311",1
"1297","OTU175","OTU424",1
"1298","OTU175","OTU46",1
"1299","OTU178","OTU18",1
"1300","OTU178","OTU2158",1
"1301","OTU178","OTU23",1
"1302","OTU178","OTU274",1
"1303","OTU178","OTU4",1
"1304","OTU178","OTU42",1
"1305","OTU178","OTU424",1
"1306","OTU178","OTU60",1
"1307","OTU18","OTU1812",1
"1308","OTU18","OTU184",1
"1309","OTU18","OTU20",1
"1310","OTU18","OTU203",1
"1311","OTU18","OTU222",1
"1312","OTU18","OTU237",1
"1313","OTU18","OTU299",1
"1314","OTU18","OTU42",1
"1315","OTU18","OTU60",1
"1316","OTU1812","OTU185",1
"1317","OTU1812","OTU232",1
"1318","OTU1812","OTU60",1
"1319","OTU183","OTU31",1
"1320","OTU184","OTU2",1
"1321","OTU184","OTU203",1
"1322","OTU184","OTU299",1
"1323","OTU184","OTU60",1
"1324","OTU185","OTU186",1
"1325","OTU185","OTU232",1
"1326","OTU185","OTU339",1
"1327","OTU185","OTU97",1
"1328","OTU186","OTU202",1
"1329","OTU186","OTU223",1
"1330","OTU186","OTU338",1
"1331","OTU186","OTU73",1
"1332","OTU186","OTU97",1
"1333","OTU186","OTU99",1
"1334","OTU19","OTU5",1
"1335","OTU19","OTU6",1
"1336","OTU194","OTU20",1
"1337","OTU194","OTU2094",1
"1338","OTU194","OTU3",1
"1339","OTU194","OTU372",1
"1340","OTU197","OTU2036",1
"1341","OTU197","OTU271",1
"1342","OTU197","OTU82",1
"1343","OTU2","OTU205",1
"1344","OTU2","OTU23",1
"1345","OTU2","OTU44",1
"1346","OTU2","OTU5",1
"1347","OTU20","OTU2158",1
"1348","OTU20","OTU237",1
"1349","OTU20","OTU239",1
"1350","OTU20","OTU251",1
"1351","OTU20","OTU274",1
"1352","OTU20","OTU42",1
"1353","OTU201","OTU214",1
"1354","OTU201","OTU22",1
"1355","OTU201","OTU55",1
"1356","OTU201","OTU74",1
"1357","OTU2015","OTU2075",1
"1358","OTU2015","OTU21",1
"1359","OTU2015","OTU2158",1
"1360","OTU2015","OTU50",1
"1361","OTU2015","OTU53",1
"1362","OTU2015","OTU66",1
"1363","OTU202","OTU223",1
"1364","OTU202","OTU338",1
"1365","OTU202","OTU73",1
"1366","OTU202","OTU99",1
"1367","OTU203","OTU251",1
"1368","OTU203","OTU274",1
"1369","OTU203","OTU299",1
"1370","OTU2036","OTU271",1
"1371","OTU2036","OTU288",1
"1372","OTU2036","OTU38",1
"1373","OTU2036","OTU8",1
"1374","OTU2075","OTU2158",1
"1375","OTU2075","OTU50",1
"1376","OTU2075","OTU53",1
"1377","OTU2094","OTU372",1
"1378","OTU21","OTU2158",1
"1379","OTU21","OTU55",1
"1380","OTU214","OTU22",1
"1381","OTU214","OTU232",1
"1382","OTU214","OTU74",1
"1383","OTU2158","OTU50",1
"1384","OTU2158","OTU53",1
"1385","OTU216","OTU218",1
"1386","OTU216","OTU230",1
"1387","OTU216","OTU29",1
"1388","OTU216","OTU58",1
"1389","OTU217","OTU221",1
"1390","OTU217","OTU224",1
"1391","OTU217","OTU23",1
"1392","OTU218","OTU230",1
"1393","OTU218","OTU271",1
"1394","OTU218","OTU38",1
"1395","OTU218","OTU82",1
"1396","OTU219","OTU269",1
"1397","OTU219","OTU409",1
"1398","OTU219","OTU56",1
"1399","OTU219","OTU89",1
"1400","OTU22","OTU74",1
"1401","OTU221","OTU224",1
"1402","OTU221","OTU23",1
"1403","OTU221","OTU90",1
"1404","OTU222","OTU60",1
"1405","OTU222","OTU86",1
"1406","OTU223","OTU338",1
"1407","OTU223","OTU73",1
"1408","OTU223","OTU99",1
"1409","OTU224","OTU23",1
"1410","OTU2274","OTU48",1
"1411","OTU2274","OTU70",1
"1412","OTU228","OTU48",1
"1413","OTU229","OTU24",1
"1414","OTU23","OTU4",1
"1415","OTU23","OTU5",1
"1416","OTU23","OTU90",1
"1417","OTU230","OTU58",1
"1418","OTU232","OTU339",1
"1419","OTU2347","OTU50",1
"1420","OTU2347","OTU61",1
"1421","OTU2347","OTU66",1
"1422","OTU2347","OTU71",1
"1423","OTU2347","OTU94",1
"1424","OTU237","OTU299",1
"1425","OTU237","OTU60",1
"1426","OTU239","OTU251",1
"1427","OTU239","OTU253",1
"1428","OTU239","OTU274",1
"1429","OTU239","OTU32",1
"1430","OTU242","OTU37",1
"1431","OTU25","OTU28",1
"1432","OTU25","OTU308",1
"1433","OTU25","OTU34",1
"1434","OTU25","OTU63",1
"1435","OTU251","OTU274",1
"1436","OTU251","OTU299",1
"1437","OTU251","OTU42",1
"1438","OTU253","OTU32",1
"1439","OTU253","OTU62",1
"1440","OTU264","OTU288",1
"1441","OTU265","OTU287",1
"1442","OTU265","OTU295",1
"1443","OTU265","OTU303",1
"1444","OTU269","OTU56",1
"1445","OTU271","OTU38",1
"1446","OTU271","OTU82",1
"1447","OTU272","OTU309",1
"1448","OTU274","OTU299",1
"1449","OTU274","OTU42",1
"1450","OTU28","OTU308",1
"1451","OTU28","OTU34",1
"1452","OTU28","OTU63",1
"1453","OTU28","OTU7",1
"1454","OTU28","OTU84",1
"1455","OTU287","OTU295",1
"1456","OTU287","OTU303",1
"1457","OTU288","OTU291",1
"1458","OTU288","OTU8",1
"1459","OTU29","OTU75",1
"1460","OTU291","OTU94",1
"1461","OTU295","OTU303",1
"1462","OTU308","OTU34",1
"1463","OTU308","OTU63",1
"1464","OTU308","OTU84",1
"1465","OTU311","OTU424",1
"1466","OTU311","OTU46",1
"1467","OTU32","OTU62",1
"1468","OTU33","OTU4",1
"1469","OTU33","OTU517",1
"1470","OTU333","OTU8",1
"1471","OTU338","OTU73",1
"1472","OTU338","OTU99",1
"1473","OTU339","OTU97",1
"1474","OTU34","OTU63",1
"1475","OTU353","OTU99",1
"1476","OTU372","OTU88",1
"1477","OTU38","OTU82",1
"1478","OTU409","OTU56",1
"1479","OTU409","OTU89",1
"1480","OTU42","OTU5",1
"1481","OTU424","OTU46",1
"1482","OTU45","OTU81",1
"1483","OTU48","OTU70",1
"1484","OTU49","OTU91",1
"1485","OTU50","OTU53",1
"1486","OTU50","OTU66",1
"1487","OTU50","OTU94",1
"1488","OTU56","OTU89",1
"1489","OTU59","OTU92",1
"1490","OTU61","OTU94",1
"1491","OTU63","OTU84",1
"1492","OTU65","OTU9",1
"1493","OTU73","OTU97",1
"1494","OTU73","OTU99",1
"1495","OTU8","OTU96",1
"1496","OTU97","OTU99",1
