"","hubscore","OTU","betweeness","pr","degree","closness","mean.abundance","Label","Genus","Phylum","Kingdom"
"cc10d1bb38230b60fe642a25e940afa8",0.14553191167013,"cc10d1bb38230b60fe642a25e940afa8",1019.5166142153,0.0028523407475952,10,0.000135116876097825,0.197996574948867,1,"D_5__Segetibacter","D_1__Bacteroidetes","D_0__Bacteria"
"e9e7f15fed9de40f35d3dc248caac1b6",0.666271143983442,"e9e7f15fed9de40f35d3dc248caac1b6",518.251489559089,0.00486703912904329,27,0.000138966092273485,0.259727891385219,2,"D_5__Trichocoleus SAG 26.92","D_1__Cyanobacteria","D_0__Bacteria"
"b52bab2547ca84674f81fbc90e62ead1",0.000524408174166763,"b52bab2547ca84674f81fbc90e62ead1",0,0.00154758985911994,3,0.000128008192524322,0.207363597300841,3,NA,"D_1__Cyanobacteria","D_0__Bacteria"
"23c36fe1b88041baf2fe22129288657c",0.373383354386692,"23c36fe1b88041baf2fe22129288657c",1524.49956089576,0.00398504015470502,19,0.000137343771459964,0.0998427785147067,4,"D_5__Microcoleus SAG 1449-1a","D_1__Cyanobacteria","D_0__Bacteria"
"8a690f5a588f7258e2259018cb6d2912",0.0594280661215449,"8a690f5a588f7258e2259018cb6d2912",3.37369938919602,0.00117106536218384,4,0.000133618385889898,0.0990350244600309,5,"D_5__Modestobacter","D_1__Actinobacteria","D_0__Bacteria"
"ebcaec5d4bc9a6cfa42ea71c01b45758",0.0959813868115305,"ebcaec5d4bc9a6cfa42ea71c01b45758",89.6218773880238,0.00161675841117255,6,0.000134174158057158,0.0962110151434153,6,"D_5__Microcoleus SAG 1449-1a","D_1__Cyanobacteria","D_0__Bacteria"
"2f2081564d38e7e1425169f81d9a2485",0.473694225749912,"2f2081564d38e7e1425169f81d9a2485",836.107430952527,0.0050540433936305,25,0.000137513751375138,0.660174018836584,7,"D_5__uncultured","D_1__Cyanobacteria","D_0__Bacteria"
"f055c4350968226dd57b3d97586bc89d",0.220797270723656,"f055c4350968226dd57b3d97586bc89d",201.947570381696,0.00259970983632331,12,0.000137061403508772,0.264948878222867,8,"D_5__Microcoleus SAG 1449-1a","D_1__Cyanobacteria","D_0__Bacteria"
"b0a4bb8e794a0671068e78ccd9149aed",0.511254340283518,"b0a4bb8e794a0671068e78ccd9149aed",1838.7528976783,0.0049868861776616,25,0.000139742873113471,0.155840808721092,10,"D_5__uncultured","D_1__Proteobacteria","D_0__Bacteria"
"c8f5ab20508a94c98b703e1f654d5212",0.299254950235159,"c8f5ab20508a94c98b703e1f654d5212",834.094795882555,0.00286291030921959,14,0.000139043381535039,0.129597082513754,12,"D_5__Phaselicystis","D_1__Proteobacteria","D_0__Bacteria"
"8f6b56cf715ed57818e64c62b87ad6e4",0.0381132969520469,"8f6b56cf715ed57818e64c62b87ad6e4",5.82834121623532,0.00152248534769421,6,0.000135171668018383,0.121290739728082,13,"D_5__Candidatus Alysiosphaera","D_1__Proteobacteria","D_0__Bacteria"
"d5ac38dd4cce649aae65fcb35690d28b",1.90089432905957e-17,"d5ac38dd4cce649aae65fcb35690d28b",0,0.00266666666666789,1,7.14918928193543e-06,0.116636928963271,14,"D_5__Candidatus Udaeobacter","D_1__Verrucomicrobia","D_0__Bacteria"
"b2c110881c9725c41a4120b3451ba9ca",0.442006502856962,"b2c110881c9725c41a4120b3451ba9ca",2690.1856835203,0.00481476833381794,26,0.000139586823003908,0.114473689434847,15,"D_5__uncultured","D_1__Proteobacteria","D_0__Bacteria"
"cd49ac54dd5c36b3514bf5fdc7f98074",0.0427961270305603,"cd49ac54dd5c36b3514bf5fdc7f98074",316.136203729386,0.00148697578548372,4,0.000132784490771478,0.101160885835835,16,"D_5__Cellulomonas","D_1__Actinobacteria","D_0__Bacteria"
"66514fda820203e68b85307cb3759ac2",0.0119766363946015,"66514fda820203e68b85307cb3759ac2",0,0.000587676059743142,1,0.000132100396301189,0.143477260309647,17,"D_5__Microvirga","D_1__Proteobacteria","D_0__Bacteria"
"9a0a12a88db49246043e5cd4700d9261",0.00137532403587897,"9a0a12a88db49246043e5cd4700d9261",3875.99808530836,0.00264698893590094,10,0.000128386185646424,0.0852640530387155,18,NA,"D_1__Bacteroidetes","D_0__Bacteria"
"3d22c64541c4013a3a987a4c493303fb",0.000171893206715006,"3d22c64541c4013a3a987a4c493303fb",747.279254788158,0.00248078561682239,5,0.000125344697919278,0.102735127753698,19,NA,"D_1__Proteobacteria","D_0__Bacteria"
"ba703cc4db43e62edc4ec5339f1a1b08",0.192515148438969,"ba703cc4db43e62edc4ec5339f1a1b08",585.057071222438,0.00327799923812347,14,0.000137362637362637,0.322982896138125,20,"D_5__Blastococcus","D_1__Actinobacteria","D_0__Bacteria"
"23f7bf168b6db2f006523e30bbf36409",0.195013393458288,"23f7bf168b6db2f006523e30bbf36409",439.001484949161,0.00283950051946664,12,0.000138274336283186,0.0937720725923182,22,"D_5__uncultured","D_1__Bacteroidetes","D_0__Bacteria"
"ea518c996f7aac6e95d621d71c238014",0.000524408174166763,"ea518c996f7aac6e95d621d71c238014",0,0.00154758985911959,3,0.000128008192524322,0.445348861076813,23,"D_5__Nostoc PCC-73102","D_1__Cyanobacteria","D_0__Bacteria"
"f6caa25e0714ef10a076dc9e3a723f76",0.0242507139709212,"f6caa25e0714ef10a076dc9e3a723f76",320.306763580062,0.00340801111589287,15,0.000134517083669626,0.183864685964959,24,"D_5__Wilmottia Ant-Ph58","D_1__Cyanobacteria","D_0__Bacteria"
"0e8dff3ecfa6bb649fe20fc89b0c722d",0.000977508744675867,"0e8dff3ecfa6bb649fe20fc89b0c722d",292.104260203119,0.00136412310108105,2,0.00012685525815045,0.0873548771932888,26,"D_5__Craurococcus","D_1__Proteobacteria","D_0__Bacteria"
"be7980c813e6fbe8419431886d8a01f7",0.00145046118453144,"be7980c813e6fbe8419431886d8a01f7",8.24471820519003,0.00141353131125724,3,0.000128799587841319,0.594849048323292,27,"D_5__Tychonema CCAP 1459-11B","D_1__Cyanobacteria","D_0__Bacteria"
"49757e1d69a6f4c7c6572bead944930a",0.457355282269469,"49757e1d69a6f4c7c6572bead944930a",169.019982981397,0.00366041489910595,20,0.000137438152831226,0.269230130631296,28,"D_5__RB41","D_1__Acidobacteria","D_0__Bacteria"
"ee41f37477dba03f022422a80adfecaf",0.254701009598399,"ee41f37477dba03f022422a80adfecaf",540.414719747821,0.00348775251043409,16,0.000138236107271219,0.134186993235943,29,"D_5__Bryobacter","D_1__Acidobacteria","D_0__Bacteria"
"d08d4af34e52f9eb85d627fe46f6a131",0.000193943771707726,"d08d4af34e52f9eb85d627fe46f6a131",0,0.000754306642899862,1,0.000126246686024492,0.313135987589568,30,"D_5__Arthrobacter","D_1__Actinobacteria","D_0__Bacteria"
"058c699435e9a43f33e9e89769f87fda",0.74985721188149,"058c699435e9a43f33e9e89769f87fda",1472.10618090053,0.00541841252688763,31,0.000140272127928181,0.690817024064872,31,"D_5__Symplocastrum CPER-KK1","D_1__Cyanobacteria","D_0__Bacteria"
"3880ecab961ff54bf3c646b63c246196",0.12153864239807,"3880ecab961ff54bf3c646b63c246196",1589.80538353832,0.00420741682463379,18,0.000137665198237885,0.250126524209091,32,"D_5__Symplocastrum CPER-KK1","D_1__Cyanobacteria","D_0__Bacteria"
"073b8b1a6b7b34c6d678df2054fabd46",0.0692278586129358,"073b8b1a6b7b34c6d678df2054fabd46",455.878003519288,0.00188817672203736,6,0.000136388434260775,0.455025183988744,33,"D_5__uncultured","D_1__Cyanobacteria","D_0__Bacteria"
"cf537fb2b9ae66b8dadd9e445b5c482a",0.0070554398853631,"cf537fb2b9ae66b8dadd9e445b5c482a",357.142857142857,0.00234696132430985,7,0.000131010087776759,0.151443066458563,34,"D_5__Microvirga","D_1__Proteobacteria","D_0__Bacteria"
"0a10abda6ccb2d451ed85858b1f74ffc",0.00119393637607331,"0a10abda6ccb2d451ed85858b1f74ffc",0,0.000610606935534118,1,0.000128982329420869,0.324601800149315,35,"D_5__Ellin6055","D_1__Proteobacteria","D_0__Bacteria"
"14e47d947473cf415b091bf01f98a0ca",0.293163335525238,"14e47d947473cf415b091bf01f98a0ca",1294.45691474487,0.00394353459205506,18,0.00013713658804169,0.242812198006154,36,"D_5__uncultured","D_1__Cyanobacteria","D_0__Bacteria"
"2e8df4d6c466985245d6ad335ebc4b19",0.0553740730932832,"2e8df4d6c466985245d6ad335ebc4b19",0,0.000708561944661601,2,0.000133850890108419,NA,NA,NA,NA,NA
"dc4789a758f5da79ffc569b615943edc",0.108776336378745,"dc4789a758f5da79ffc569b615943edc",977.755960002943,0.00259301847191259,13,0.000137873983179374,0.126934941653972,37,"D_5__uncultured bacterium","D_1__Chloroflexi","D_0__Bacteria"
"88d1cfe67b9a8cfc04e9ee9808f4fd54",0.482350935484245,"88d1cfe67b9a8cfc04e9ee9808f4fd54",320.925474102474,0.0037332587560972,20,0.000138966092273485,0.19456931346224,38,"D_5__Belnapia","D_1__Proteobacteria","D_0__Bacteria"
"f53785470e5bfd7fc20596b5fa3a7b3b",0.20697068161437,"f53785470e5bfd7fc20596b5fa3a7b3b",314.069579315349,0.00269567250820769,12,0.00013646288209607,0.0977343735489495,39,"D_5__Solirubrobacter","D_1__Actinobacteria","D_0__Bacteria"
"eb0b938aceb97f3736c2c672ee096e14",0.0263855861613511,"eb0b938aceb97f3736c2c672ee096e14",22.3221638303847,0.00102138293765802,3,0.00013250298131708,0.0966200336968558,40,"D_5__Candidatus Udaeobacter","D_1__Verrucomicrobia","D_0__Bacteria"
"b911e3b0977f1af19f07bbdb90fd2263",0.211158512336224,"b911e3b0977f1af19f07bbdb90fd2263",708.673916433573,0.00293560227742228,11,0.000135777325186694,0.0946485723790586,41,"D_5__uncultured cyanobacterium","D_1__Cyanobacteria","D_0__Bacteria"
"5fcc9726776ea6171d8832145ac76b30",0.446758980145677,"5fcc9726776ea6171d8832145ac76b30",569.307877042625,0.00406485555686882,21,0.00013840830449827,0.453439836997872,42,"D_5__Wilmottia Ant-Ph58","D_1__Cyanobacteria","D_0__Bacteria"
"a99f1b380389930c4bd55168685d4166",0.156857905073888,"a99f1b380389930c4bd55168685d4166",202.402579103855,0.00287076358993394,12,0.000135007425408397,0.108885561183432,43,"D_5__uncultured bacterium","D_1__Cyanobacteria","D_0__Bacteria"
"d24498ce9b85c4b88ff0c518159564a8",0.126808247050237,"d24498ce9b85c4b88ff0c518159564a8",2129.85591492383,0.00240061465789151,9,0.000136407038603192,0.146610037997739,44,"D_5__Geodermatophilus","D_1__Actinobacteria","D_0__Bacteria"
"5a852f4c71de6ca73ff346892435db0c",0.879056773971633,"5a852f4c71de6ca73ff346892435db0c",1725.33335051666,0.00718318459663323,40,0.000140666760444507,0.471569532380453,45,"D_5__Rubellimicrobium","D_1__Proteobacteria","D_0__Bacteria"
"717a29ca40a16654c3385435387c3d25",0.411358364917491,"717a29ca40a16654c3385435387c3d25",418.973870118669,0.00354480557254116,19,0.000139256370978972,0.0962148115774334,47,"D_5__uncultured bacterium","D_1__Chloroflexi","D_0__Bacteria"
"192b7b2d1098dcc58e64cb1ed109cccf",0.791098577813632,"192b7b2d1098dcc58e64cb1ed109cccf",2583.0674357734,0.00660789952764737,37,0.000140765765765766,1.32955862539969,48,"D_5__Microvirga","D_1__Proteobacteria","D_0__Bacteria"
"079a2a8ddcc2c88de4481ac721f83d6b",0.0228635044677286,"079a2a8ddcc2c88de4481ac721f83d6b",590.313469014529,0.00167691165139999,4,0.000131492439184747,0.0889185120673096,49,"D_5__uncultured cyanobacterium","D_1__Cyanobacteria","D_0__Bacteria"
"f9bc69fb2320390efc1c872bc9490d92",0.748166259064844,"f9bc69fb2320390efc1c872bc9490d92",652.744947901007,0.00543579084393524,31,0.000139528394028185,0.132416063769164,50,"D_5__Devosia","D_1__Proteobacteria","D_0__Bacteria"
"07fc6cc273d8bf4b36191e8cabe3a090",0.182195003054209,"07fc6cc273d8bf4b36191e8cabe3a090",588.684835747948,0.00193370770651331,8,0.000136593361562628,0.245185553018571,51,"D_5__Microvirga","D_1__Proteobacteria","D_0__Bacteria"
"d79779655a7a24a2315a466bb2ff4dc2",0.700612356225745,"d79779655a7a24a2315a466bb2ff4dc2",681.828063436859,0.00541106301802457,29,0.000139217597104274,0.126482861362297,52,"D_5__Gemmatirosa","D_1__Gemmatimonadetes","D_0__Bacteria"
"0b3a685b5a5624a2cda6a46b398f3073",0.000850257041764856,"0b3a685b5a5624a2cda6a46b398f3073",357,0.00175867356009481,2,0.000126358352287086,0.120794388997739,53,"D_5__uncultured","D_1__Proteobacteria","D_0__Bacteria"
"eb65b93b5a7ef9f762ba4dfa14ac4794",0.484029341502536,"eb65b93b5a7ef9f762ba4dfa14ac4794",9060.17594915432,0.00629841474099994,33,0.000141964792731403,0.36815331309404,54,"D_5__Microvirga","D_1__Proteobacteria","D_0__Bacteria"
"e0b226f479feccc916025c6264dc907d",0.872039148228586,"e0b226f479feccc916025c6264dc907d",2001.52388909007,0.00696379957384085,39,0.000140075640846057,0.367179620020698,55,NA,"D_1__Actinobacteria","D_0__Bacteria"
"9c6384fd323d1ccdbf185966143d80bd",0.0350447835557654,"9c6384fd323d1ccdbf185966143d80bd",0.42018942018942,0.000955892971533999,3,0.00013349352556401,0.0958867970942585,56,"D_5__Sphingomonas","D_1__Proteobacteria","D_0__Bacteria"
"8bdea0ef7764f54a3f57c578cf91cd52",0.447964372022248,"8bdea0ef7764f54a3f57c578cf91cd52",50.75822187224,0.00291515546606844,16,0.000138389150290617,0.255351835236452,57,NA,"D_1__Proteobacteria","D_0__Bacteria"
"3b1f15aea28c0db03e097d1f029768b5",0.0488670142493388,"3b1f15aea28c0db03e097d1f029768b5",358.332411067194,0.00161838309512806,4,0.000133457894034432,0.147410713518536,58,"D_5__uncultured bacterium","D_1__Cyanobacteria","D_0__Bacteria"
"bde433cdb31d310e262d7f21bb9455ad",0.0199386490043452,"bde433cdb31d310e262d7f21bb9455ad",407.412273220648,0.00276818696090425,11,0.000134734572891404,0.86145766191423,59,"D_5__uncultured","D_1__Proteobacteria","D_0__Bacteria"
"ee873611e0c844309fae4d3f3c041767",0.0014665817673228,"ee873611e0c844309fae4d3f3c041767",227.221325857638,0.00135419022501427,4,0.00012911555842479,0.487035662650212,60,"D_5__Geodermatophilus","D_1__Actinobacteria","D_0__Bacteria"
"354fbb9ef2315ae23717f1cea4eb64df",0.001989917531364,"354fbb9ef2315ae23717f1cea4eb64df",7.71493506493507,0.00114475247407741,2,0.00012701638511368,1.27455930001825,61,"D_5__Geodermatophilus","D_1__Actinobacteria","D_0__Bacteria"
"4932c3580dcc156e09b085b35b56af77",0.0139337291086774,"4932c3580dcc156e09b085b35b56af77",14.73640075149,0.00112749422603499,3,0.000131752305665349,NA,NA,NA,NA,NA
"0b56e21e65fe1dbabc5a868b1294bdb4",0.278259359409044,"0b56e21e65fe1dbabc5a868b1294bdb4",718.063390722475,0.00365269126237577,18,0.000137475941710201,0.370369043610461,62,"D_5__uncultured","D_1__Cyanobacteria","D_0__Bacteria"
"30e7acb37b2024735a6bde132337547b",0.110309947044444,"30e7acb37b2024735a6bde132337547b",2046.31458438074,0.00334607736474893,11,0.000138504155124654,4.31595622717246,63,"D_5__uncultured","D_1__Cyanobacteria","D_0__Bacteria"
"fc76b8bb39a352f7fd12a7ce4ef34cb5",0.553409253611539,"fc76b8bb39a352f7fd12a7ce4ef34cb5",2026.74835872465,0.00492058085347976,26,0.00013873473917869,0.150714941708027,64,NA,"D_1__Actinobacteria","D_0__Bacteria"
"6e4adc6b17c7e41d49f2a3f35939c47a",0.00313471729468618,"6e4adc6b17c7e41d49f2a3f35939c47a",56.2350047365126,0.00157269652992449,3,0.000128949065119278,0.0886336614715815,65,"D_5__Wilmottia Ant-Ph58","D_1__Cyanobacteria","D_0__Bacteria"
"d8ca32b92ff87e2167ea4385134ebeb3",0.334590244972178,"d8ca32b92ff87e2167ea4385134ebeb3",61.4330859015324,0.00248017564132737,13,0.000137892995035852,0.0895148668002198,66,"D_5__Blastocatella","D_1__Acidobacteria","D_0__Bacteria"
"af387af35189e1e36a25ba5970125307",3.04143092649532e-17,"af387af35189e1e36a25ba5970125307",4,0.0029531698470842,2,7.22621671423926e-06,0.120535255063008,67,"D_5__uncultured","D_1__Actinobacteria","D_0__Bacteria"
"3e8331bf385df41ef183deba94ae5146",0.31854638970636,"3e8331bf385df41ef183deba94ae5146",991.50892398011,0.00317428292891338,16,0.00013910140492419,0.436579261064004,68,NA,"D_1__Actinobacteria","D_0__Bacteria"
"5a320a3b1b67dbf0e111947bb65c23d5",0.461904942737076,"5a320a3b1b67dbf0e111947bb65c23d5",1234.33178461763,0.00443160127292435,23,0.000139217597104274,0.122896298543097,69,"D_5__Rubellimicrobium","D_1__Proteobacteria","D_0__Bacteria"
"5614a2da6eefd6135cafc1cf6f426b2c",0.225864331282691,"5614a2da6eefd6135cafc1cf6f426b2c",3776.14395071012,0.00389691932726541,16,0.000139217597104274,NA,NA,NA,NA,NA
"eba235b1a650d26389792d7575529389",0.355633186792052,"eba235b1a650d26389792d7575529389",3966.29146910383,0.00436877975807206,21,0.000140173815531259,0.248170726689244,70,"D_5__Micromonospora","D_1__Actinobacteria","D_0__Bacteria"
"be661bd24140881a05bb2020a7bd6074",0.0233928368467777,"be661bd24140881a05bb2020a7bd6074",110.719974807128,0.00148816263804399,5,0.000134934556739981,0.164924413179406,71,"D_5__Candidatus Udaeobacter","D_1__Verrucomicrobia","D_0__Bacteria"
"5da93b6cd49d77d42ff6dc4da4d3c3e0",0.0688434104438231,"5da93b6cd49d77d42ff6dc4da4d3c3e0",0,0.000868902152377806,3,0.000135556459265284,0.0931496902763923,72,"D_5__Chthoniobacter","D_1__Verrucomicrobia","D_0__Bacteria"
"7a8a5d9d8053653f2d24583016936cd3",0.573333868777408,"7a8a5d9d8053653f2d24583016936cd3",1517.26782364211,0.00504896466654684,27,0.000138580931263858,0.113497174882087,73,"D_5__Flavisolibacter","D_1__Bacteroidetes","D_0__Bacteria"
"e4fe1228e51ec88409df5332e0a1c6e0",0.485015578636681,"e4fe1228e51ec88409df5332e0a1c6e0",1101.79468259258,0.00457257572904799,24,0.000139879703455029,0.0907978380811039,74,"D_5__uncultured","D_1__Proteobacteria","D_0__Bacteria"
"c3ca5a009ce3f896cf0888a693813ff9",0.00669696626905034,"c3ca5a009ce3f896cf0888a693813ff9",391.100286392118,0.0018160242722048,4,0.000131682907558599,0.135903732159625,76,"D_5__Craurococcus","D_1__Proteobacteria","D_0__Bacteria"
"3610a2f729bc3c804ebec9686e390249",0.129120720589541,"3610a2f729bc3c804ebec9686e390249",267.852874657977,0.00205752624275955,9,0.000136948781155848,0.11747581245752,77,"D_5__Belnapia","D_1__Proteobacteria","D_0__Bacteria"
"a9d57835ce1de4a32c729b436a0baaf3",0.640216887620043,"a9d57835ce1de4a32c729b436a0baaf3",861.946626406301,0.00490533893562382,27,0.000139684313451599,0.220712871263481,79,"D_5__Modestobacter","D_1__Actinobacteria","D_0__Bacteria"
"9d739e344b8c35584d63f0585c5271ab",0.00897610733627786,"9d739e344b8c35584d63f0585c5271ab",0,0.000626841994166024,1,0.000129500129500129,2.17866130885417,80,NA,"D_1__Proteobacteria","D_0__Bacteria"
"99ece4bd36d5eb8fd77a46fee33d901a",0.0101624322482993,"99ece4bd36d5eb8fd77a46fee33d901a",35.7491784397598,0.0012612252149502,3,0.000132432790358893,0.0851826374716564,81,"D_5__uncultured bacterium","D_1__Cyanobacteria","D_0__Bacteria"
"8936bf768c53458afa08f2252dfa7a90",0.0896453935179827,"8936bf768c53458afa08f2252dfa7a90",69.186227586207,0.0016254531532294,6,0.000134282261313281,0.103044972180151,82,"D_5__Nannocystis","D_1__Proteobacteria","D_0__Bacteria"
"cd1dc4908d042de04d57cfc691710ec1",0.194454713615905,"cd1dc4908d042de04d57cfc691710ec1",49.4569262525411,0.00204231797776299,9,0.000136239782016349,0.0945219571380866,83,"D_5__Asanoa","D_1__Actinobacteria","D_0__Bacteria"
"2bb011af9120d953473f129b19d5fbd1",0.754532841625564,"2bb011af9120d953473f129b19d5fbd1",4024.58704649482,0.00654886405851084,36,0.000140075640846057,0.320597486267311,84,"D_5__uncultured","D_1__Proteobacteria","D_0__Bacteria"
"751c9e74cfe9eabe4386247bdc8a8341",0.000941092352265836,"751c9e74cfe9eabe4386247bdc8a8341",0,0.000866402391621656,1,0.000126310471138057,0.168153667085524,86,"D_5__uncultured bacterium","D_1__Gemmatimonadetes","D_0__Bacteria"
"9f18e4464d3ab6db4eba295b17232d33",0.000619757320640487,"9f18e4464d3ab6db4eba295b17232d33",0,0.000856799997947926,1,0.000127388535031847,0.100494787701459,87,"D_5__uncultured","D_1__Cyanobacteria","D_0__Bacteria"
"7a89ae271a2b825b1b479b2c6be35740",1,"7a89ae271a2b825b1b479b2c6be35740",2187.28432123637,0.00781546702081377,45,0.000141063619692481,0.114589575376301,88,"D_5__Pseudonocardia","D_1__Actinobacteria","D_0__Bacteria"
"7add54b3fecf633e06f31290b89ff231",0.12461333538189,"7add54b3fecf633e06f31290b89ff231",929.501675498924,0.00287888526176041,14,0.000138677021217584,1.57367255559822,89,"D_5__Microvirga","D_1__Proteobacteria","D_0__Bacteria"
"dd1839642b69ac8d7e410c2bf858af9f",0.229726246204469,"dd1839642b69ac8d7e410c2bf858af9f",35.186778168502,0.00186940421627327,9,0.000136593361562628,0.10553439117308,90,"D_5__Aliterella CENA595","D_1__Cyanobacteria","D_0__Bacteria"
"f2bc3e83cc1efa9255f78892b0f590b6",0.0188989601801163,"f2bc3e83cc1efa9255f78892b0f590b6",406.508583969331,0.00300019587994749,11,0.00013410218586563,0.436517509846939,91,NA,"D_1__Proteobacteria","D_0__Bacteria"
"dbfc69d85e46725d79612b2cebd7b00f",0.770154467856716,"dbfc69d85e46725d79612b2cebd7b00f",1047.91188452622,0.00579189738560232,32,0.00013941168269901,0.0931191659318065,92,"D_5__Myxococcus","D_1__Proteobacteria","D_0__Bacteria"
"98d46d89253595e3272ce98dacf2ecac",0.000149421635955054,"98d46d89253595e3272ce98dacf2ecac",0,0.00077656857659104,1,0.000124564025909317,0.119241257863707,94,"D_5__uncultured Chloroflexi bacterium","D_1__Chloroflexi","D_0__Bacteria"
"0be1fefb6907bdba0e887b3970906a52",0.0130375998734978,"0be1fefb6907bdba0e887b3970906a52",148.287553741545,0.00253850714403973,9,0.000133014099494546,0.237011776914148,95,"D_5__Rubellimicrobium","D_1__Proteobacteria","D_0__Bacteria"
"7d569b1491cfcf27c5e6b8b6a0f87890",0.273926420275908,"7d569b1491cfcf27c5e6b8b6a0f87890",353.134952671946,0.00331549078413134,15,0.000136518771331058,0.176286288849844,97,"D_5__uncultured","D_1__Cyanobacteria","D_0__Bacteria"
"b3e7aea7207e61c96883618a58ec37e0",5.60726689397393e-06,"b3e7aea7207e61c96883618a58ec37e0",0,0.00100777937515854,1,0.000119990400767939,0.259170146771899,98,NA,"D_1__Actinobacteria","D_0__Bacteria"
"65d14d573ef912cfd83bcb221018ccfb",0.243658500013003,"65d14d573ef912cfd83bcb221018ccfb",240.501666005765,0.0035966824388973,16,0.000135943447525829,0.104139556392676,99,"D_5__uncultured bacterium","D_1__FBP","D_0__Bacteria"
"e1aea782db8e335653217f5d2cc31449",0.00211995947745574,"e1aea782db8e335653217f5d2cc31449",498.847318517447,0.00181611111869906,5,0.000128982329420869,0.404464648804357,100,"D_5__Candidatus Nitrocosmicus","D_1__Thaumarchaeota","D_0__Archaea"
"68313b4b5997a0cfa86853bbd389d7c2",0.49554859499193,"68313b4b5997a0cfa86853bbd389d7c2",438.471872307579,0.00401095611768931,21,0.000138140627158447,0.251452234239161,102,"D_5__uncultured bacterium","D_1__Cyanobacteria","D_0__Bacteria"
"41648ad0f1738e3c9c5836aac57737aa",0.059361436301024,"41648ad0f1738e3c9c5836aac57737aa",18.1732367199683,0.00149555972299766,5,0.000133440085401655,0.0891359552817949,103,"D_5__uncultured","D_1__Cyanobacteria","D_0__Bacteria"
"a3caf97e3ffae0b993b3f84e2eea2e5d",0.752063336655369,"a3caf97e3ffae0b993b3f84e2eea2e5d",867.242949404165,0.00569874588895468,32,0.000139372822299652,0.522661992863619,104,"D_5__uncultured cyanobacterium","D_1__Cyanobacteria","D_0__Bacteria"
"c298277dc9098aa9f6d6d7bef599d851",0.0953213413090579,"c298277dc9098aa9f6d6d7bef599d851",10384.3629959888,0.00347052021589636,14,0.000139043381535039,0.381641044103604,105,"D_5__Skermanella","D_1__Proteobacteria","D_0__Bacteria"
"27b6e338e4f7ef9e79097bdf62ef4d59",0.436593334200035,"27b6e338e4f7ef9e79097bdf62ef4d59",435.22779490357,0.0035052330409865,18,0.000138350857775318,0.145871213116486,106,"D_5__Skermanella","D_1__Proteobacteria","D_0__Bacteria"
"fae981eefb2d605235b5651c02f00d67",0.0199657354557896,"fae981eefb2d605235b5651c02f00d67",785.484032945963,0.00225501609710476,5,0.000132292631300437,0.187439744087536,107,"D_5__RB41","D_1__Acidobacteria","D_0__Bacteria"
"1e7f77bca83d721a6714cae35cd662e7",0.415169130192032,"1e7f77bca83d721a6714cae35cd662e7",552.646290429337,0.00423669886615697,22,0.000139217597104274,0.178152492077034,109,"D_5__Rubellimicrobium","D_1__Proteobacteria","D_0__Bacteria"
"b131e2c4dbbc66a08a96044576daeef3",0.51352753640261,"b131e2c4dbbc66a08a96044576daeef3",3347.78173925726,0.00667838699508395,36,0.000140904607580668,0.210278593036126,110,"D_5__Methylobacterium","D_1__Proteobacteria","D_0__Bacteria"
"c708a5e958c4beba26579c82cecd56ba",0.000581677768343721,"c708a5e958c4beba26579c82cecd56ba",242.791091066703,0.00142422180402941,2,0.00012809017548354,0.238677365358874,111,"D_5__uncultured bacterium","D_1__Cyanobacteria","D_0__Bacteria"
"3afe3bff192e0bb73fddd0d2d79110f8",0.0736304749313959,"3afe3bff192e0bb73fddd0d2d79110f8",987.552411016587,0.00417500621465757,18,0.000136724090784796,0.325435691629298,112,"D_5__Geodermatophilus","D_1__Actinobacteria","D_0__Bacteria"
"f064554bcb81b23028ef4659d0ece4df",0.0259446100334253,"f064554bcb81b23028ef4659d0ece4df",0,0.000762118413754298,2,0.000134843581445523,1.21177460407952,113,"D_5__Microvirga","D_1__Proteobacteria","D_0__Bacteria"
"2539e1e5a5a0ea3e487e5a3a38d91dd0",0.0267147198084501,"2539e1e5a5a0ea3e487e5a3a38d91dd0",1326.7558058563,0.0035775961650879,15,0.000135556459265284,0.476338934837598,114,"D_5__uncultured","D_1__Cyanobacteria","D_0__Bacteria"
"4fe2c3e702f535b154a6444501af9776",0.072649046668142,"4fe2c3e702f535b154a6444501af9776",447.866699518784,0.00177315976805655,6,0.000136742786817995,0.327208106879961,115,"D_5__Scytonema UTEX 2349","D_1__Cyanobacteria","D_0__Bacteria"
"ef333bad7ef7d7acaa3bbe125b4001ee",0.00277602801552273,"ef333bad7ef7d7acaa3bbe125b4001ee",0,0.000681306171649267,1,0.000128849375080531,0.174578887384035,116,"D_5__Rubrobacter","D_1__Actinobacteria","D_0__Bacteria"
"db269c369af9cda0ddf9d8934cdf407a",0.00302470921950886,"db269c369af9cda0ddf9d8934cdf407a",99.4999728169585,0.00151102767095861,3,0.00013014055179594,0.203597435329081,117,"D_5__Mastigocladopsis PCC-10914","D_1__Cyanobacteria","D_0__Bacteria"
"b4e50bbc5c6a3176b60c8e20fd470950",0.0569631806466988,"b4e50bbc5c6a3176b60c8e20fd470950",2.61760675925445,0.00139589133422174,6,0.000135153399107988,0.107399005413587,118,"D_5__uncultured","D_1__Proteobacteria","D_0__Bacteria"
"c625fbc8a2a739bab190c5695a2b21a6",0.0392875920619002,"c625fbc8a2a739bab190c5695a2b21a6",31.5617630554533,0.00105681906636342,3,0.000132696390658174,0.144154884089249,119,"D_5__Modestobacter","D_1__Actinobacteria","D_0__Bacteria"
"3693a4e7f9526480f6376c6883a69480",3.04143092649532e-17,"3693a4e7f9526480f6376c6883a69480",6,0.00269726409370119,2,7.22632115216464e-06,1.73358730959954,120,NA,NA,"D_0__Bacteria"
"f4bcb539b5c64a1114c9606e8b31cd4b",0.00872644186477351,"f4bcb539b5c64a1114c9606e8b31cd4b",93.0433743708495,0.0029024728209867,12,0.000131527028804419,0.144233194113242,121,"D_5__uncultured","D_1__Cyanobacteria","D_0__Bacteria"
"8f0494f19b460d726505dd81f1a4832f",2.6612520606834e-17,"8f0494f19b460d726505dd81f1a4832f",0,0.00165509718501092,1,7.22600784744452e-06,0.0893550892978265,122,"D_5__Chthoniobacter","D_1__Verrucomicrobia","D_0__Bacteria"
"1cd19abd1344268e4499a33b2f0fce42",0.147031757833704,"1cd19abd1344268e4499a33b2f0fce42",1027.52858065337,0.00300027608915396,11,0.000137760022041604,0.85095750300309,123,"D_5__Nostoc PCC-73102","D_1__Cyanobacteria","D_0__Bacteria"
"b38739c9b5cefdb57fbd7a716f0a4b73",0.525316125891798,"b38739c9b5cefdb57fbd7a716f0a4b73",264.302076164899,0.004077643557878,22,0.000138026224982747,0.226777517042235,124,"D_5__Wilmottia Ant-Ph58","D_1__Cyanobacteria","D_0__Bacteria"
"439d648396657982e68f7d2fa10b6610",0.191626984173852,"439d648396657982e68f7d2fa10b6610",1228.17843276108,0.00299907900262227,13,0.000139178844815588,1.43443000966647,125,"D_5__uncultured bacterium","D_1__Cyanobacteria","D_0__Bacteria"
"92471c59dcb9b1974932c8457a7d1012",0.192372491081522,"92471c59dcb9b1974932c8457a7d1012",722.012987353128,0.0037333301431525,18,0.00013798813302056,0.102357373040653,126,"D_5__Pseudonocardia","D_1__Actinobacteria","D_0__Bacteria"
"c320a01f9cb53cb375bad4a390145ac8",0.168960056600358,"c320a01f9cb53cb375bad4a390145ac8",441.26220222573,0.00270147367570578,11,0.000136855070480361,0.299458823399351,127,"D_5__uncultured endolithic bacterium","D_1__Proteobacteria","D_0__Bacteria"
"3f546046f1c813977e3eb4983a1bf8f8",0.0160030663191115,"3f546046f1c813977e3eb4983a1bf8f8",18.5265178565757,0.00196350905445244,7,0.000132608407373027,0.30047676826788,129,"D_5__Rubellimicrobium","D_1__Proteobacteria","D_0__Bacteria"
"6c369f2ea5af632a315ab8f498b5bffb",0.0568734017526984,"6c369f2ea5af632a315ab8f498b5bffb",176.479727294915,0.00287601112215095,13,0.000136035913481159,0.226236185957738,130,"D_5__uncultured","D_1__Proteobacteria","D_0__Bacteria"
"d588dff09b12b4145330ec109a6c71a1",0.0720367827296337,"d588dff09b12b4145330ec109a6c71a1",3.22734897096493,0.00110414841738304,4,0.000134589502018843,0.0882041660879217,131,"D_5__uncultured","D_1__Bacteroidetes","D_0__Bacteria"
"eb12c66cdbf522eff0edd47e864ed637",0.0560286539290944,"eb12c66cdbf522eff0edd47e864ed637",21.6335910221379,0.00122601292349535,4,0.000133155792276964,0.0790433035693194,132,"D_5__uncultured","D_1__Bacteroidetes","D_0__Bacteria"
"888119984d5d1debdb3218c0b22c4e97",0.0136161325051252,"888119984d5d1debdb3218c0b22c4e97",1204.59686556041,0.00226447666223933,4,0.00013294336612603,0.216040157206342,133,"D_5__Chroococcidiopsis SAG 2023","D_1__Cyanobacteria","D_0__Bacteria"
"4a5cfa09351a7d60b3e32eef8bff3f0a",0.214228781111214,"4a5cfa09351a7d60b3e32eef8bff3f0a",61.0067679741455,0.00224789466737178,10,0.000136444262518761,0.0910799042330426,134,"D_5__Massilia","D_1__Proteobacteria","D_0__Bacteria"
"1269a42ef0ac293f432d37956d87995d",0.00456976817768907,"1269a42ef0ac293f432d37956d87995d",199.620096619414,0.00174359385318622,4,0.000132135306553911,0.520987990474828,135,"D_5__Rubellimicrobium","D_1__Proteobacteria","D_0__Bacteria"
"511dcb5f5f375bb48e5d6657ab8011ac",0.246502244862273,"511dcb5f5f375bb48e5d6657ab8011ac",1239.50939687135,0.00344900797939464,15,0.000138542532557495,0.149120903354639,137,"D_5__Geodermatophilus","D_1__Actinobacteria","D_0__Bacteria"
"ca642a72d22304585c36d29c3b62d610",0.000739320806825343,"ca642a72d22304585c36d29c3b62d610",574.975471197003,0.00185131623985897,4,0.000129015610888918,0.118640434238953,138,NA,"D_1__Proteobacteria","D_0__Bacteria"
"6fe8d791a5e398c271cfc09465cd5b56",0.0563206507467044,"6fe8d791a5e398c271cfc09465cd5b56",427.34343072011,0.00247259529854082,8,0.000133262260127932,0.107683789230589,139,"D_5__Tychonema CCAP 1459-11B","D_1__Cyanobacteria","D_0__Bacteria"
"3a45acf5c40152fc5443f5179ccb012a",0.0279248486438929,"3a45acf5c40152fc5443f5179ccb012a",2.33101385501037,0.0007649078555788,2,0.000134030290845731,0.105482648600826,140,"D_5__uncultured endolithic bacterium","D_1__Chloroflexi","D_0__Bacteria"
"e07ff08c5ee88ce35150249d1767cae5",0.813734184427518,"e07ff08c5ee88ce35150249d1767cae5",532.466680186561,0.00578055130726204,33,0.000138850319355735,0.094818902188966,141,"D_5__uncultured","D_1__Proteobacteria","D_0__Bacteria"
"83caeb50840686e471e8c598283033d7",0.0649308143201897,"83caeb50840686e471e8c598283033d7",467.007466204277,0.00287738639850332,13,0.000137419266181119,0.215320092407399,142,"D_5__RB41","D_1__Acidobacteria","D_0__Bacteria"
"df3bb1553b428aadb3e60aa7726bd09c",6.75510361901412e-05,"df3bb1553b428aadb3e60aa7726bd09c",102.061939445349,0.00127769532541658,2,0.000124300807955252,0.098492101056,143,"D_5__Chroococcidiopsis SAG 2023","D_1__Cyanobacteria","D_0__Bacteria"
"ec0290f38c4cba4e526abb2303d3ab62",0.00456243188460559,"ec0290f38c4cba4e526abb2303d3ab62",752.295073224172,0.0025009880675175,6,0.000132205182443152,21.5867756254265,144,"D_5__Tychonema CCAP 1459-11B","D_1__Cyanobacteria","D_0__Bacteria"
"4dd789de56eb68541e50a4fec77109c1",0.00317745464599941,"4dd789de56eb68541e50a4fec77109c1",470.04783713149,0.00241037326544986,6,0.000131406044678055,0.332052791009319,145,NA,"D_1__Actinobacteria","D_0__Bacteria"
"ee5efd3f2509426a8b985b2207d39c56",0.0004376021726084,"ee5efd3f2509426a8b985b2207d39c56",0,0.000711676502189365,1,0.000126071608673727,0.0962319481752464,146,"D_5__Noviherbaspirillum","D_1__Proteobacteria","D_0__Bacteria"
"ee589d8ed9cde5ca8fde93c4ecf14dd6",0.404399063633123,"ee589d8ed9cde5ca8fde93c4ecf14dd6",857.105720078186,0.00450747820079278,24,0.000139508928571429,0.347181362500858,147,"D_5__uncultured","D_1__Proteobacteria","D_0__Bacteria"
"d72bc9e4008e4795a5e402ed2180eea7",0.00198246449022974,"d72bc9e4008e4795a5e402ed2180eea7",1.74128457672508,0.00101375909955613,3,0.000129802699896158,0.42486609378346,148,"D_5__Wilmottia Ant-Ph58","D_1__Cyanobacteria","D_0__Bacteria"
"c7365fa3560ede7e5182c0357165242a",0.0321067208203625,"c7365fa3560ede7e5182c0357165242a",387.561636608918,0.00352642577445768,14,0.000134934556739981,0.120230688509822,149,"D_5__Rubellimicrobium","D_1__Proteobacteria","D_0__Bacteria"
"a97c86563f7af1ff61513bcab25c1ca5",0.545708321894051,"a97c86563f7af1ff61513bcab25c1ca5",219.161808336482,0.00429973318623264,23,0.000137532664007702,0.20750252600826,150,"D_5__Microcoleus Es-Yyy1400","D_1__Cyanobacteria","D_0__Bacteria"
"6a976dd01a81eb89bbf0dba29ea4a167",0.0653046943403121,"6a976dd01a81eb89bbf0dba29ea4a167",762.480154990949,0.00297853593509364,9,0.000135062128579146,0.275880352923803,151,"D_5__Psychroglaciecola","D_1__Proteobacteria","D_0__Bacteria"
"402620b603d59320fd0617035dde26e8",0.00401570463018138,"402620b603d59320fd0617035dde26e8",50.1313653431915,0.00151330630468428,3,0.000130361100247686,0.136426588265281,152,NA,"D_1__Cyanobacteria","D_0__Bacteria"
"7208962371e5484aef78f3a077275247",0.291163338798715,"7208962371e5484aef78f3a077275247",870.581834941235,0.00318109180207223,15,0.000138159712627798,0.213865530382648,153,NA,"D_1__Actinobacteria","D_0__Bacteria"
"197d1bccb77514c3ba909806cf00ca64",0.432474832366793,"197d1bccb77514c3ba909806cf00ca64",413.718875971329,0.00448608584760317,23,0.000137362637362637,NA,NA,NA,NA,NA
"84069e497d83263fa6d44fc19b17a4d2",0.0644290997594451,"84069e497d83263fa6d44fc19b17a4d2",9.71136600176264,0.00134558980462805,5,0.000135648399348888,0.0920653869993819,154,"D_5__Gemmatirosa","D_1__Gemmatimonadetes","D_0__Bacteria"
"8eb697a4807599351b3cd8672488a2e4",2.8183491201039e-05,"8eb697a4807599351b3cd8672488a2e4",0,0.00104375383162429,1,0.000122744568552842,0.0957247760970472,155,"D_5__Ellin6055","D_1__Proteobacteria","D_0__Bacteria"
"f9505aa72e83a4f82e6ed1770bfe37c0",0.0119990139532682,"f9505aa72e83a4f82e6ed1770bfe37c0",6.94544043876362,0.00200493654075342,7,0.000132205182443152,0.0861550811150313,156,"D_5__Rhodocytophaga","D_1__Bacteroidetes","D_0__Bacteria"
"284c999f00892c41bee16879639b57b5",0.0263814997733707,"284c999f00892c41bee16879639b57b5",889.937971329642,0.0026168068905064,7,0.000132661183337755,0.198034801078273,157,"D_5__uncultured bacterium","D_1__Cyanobacteria","D_0__Bacteria"
"f65892a0f2f5bf8b443039a7a34796a0",0.000299918696220203,"f65892a0f2f5bf8b443039a7a34796a0",0,0.000684988160810628,1,0.000125156445556946,0.111499966597615,158,"D_5__uncultured bacterium","D_1__Gemmatimonadetes","D_0__Bacteria"
"87f37a8dfe82449719f3ef630b41853d",0.0169624109691795,"87f37a8dfe82449719f3ef630b41853d",559.95697773818,0.00285123770668438,12,0.000134246207544637,0.241966011461232,159,"D_5__Rubrobacter","D_1__Actinobacteria","D_0__Bacteria"
"d67b6b007ce2d39a1afda10dde80fd88",0.11709637601775,"d67b6b007ce2d39a1afda10dde80fd88",1358.027893787,0.00457986161824829,21,0.000137912012136257,0.190353818322196,160,"D_5__Rhodocytophaga","D_1__Bacteroidetes","D_0__Bacteria"
"d212c8cfc093d30d7e9791eb2f1dc275",0.010294375980736,"d212c8cfc093d30d7e9791eb2f1dc275",357,0.0018333911893405,5,0.000132013201320132,0.192747620127813,161,"D_5__uncultured bacterium","D_1__Gemmatimonadetes","D_0__Bacteria"
"74cedc3d3de1166447088b519d254800",0.00626146668816632,"74cedc3d3de1166447088b519d254800",357,0.00152147086650936,2,0.000131337010769635,0.138490200647359,163,"D_5__Aliterella CENA595","D_1__Cyanobacteria","D_0__Bacteria"
"22616745192af6ca008c271cbdadc4b0",3.61434563346341e-05,"22616745192af6ca008c271cbdadc4b0",0,0.00114743626304175,1,0.000120904364647564,0.0865504589025107,164,"D_5__Belnapia","D_1__Proteobacteria","D_0__Bacteria"
"df8f0a206afcd5a7c5374a3c767c6d05",1.71372302406395e-06,"df8f0a206afcd5a7c5374a3c767c6d05",0,0.00070016773923481,1,0.000116400884646723,0.0961614251729861,165,"D_5__uncultured","D_1__Bacteroidetes","D_0__Bacteria"
"30c96ca0a3b29197004ecfe653b12b9a",0.006864669667846,"30c96ca0a3b29197004ecfe653b12b9a",1095.35664398696,0.00232347701682688,6,0.000133155792276964,0.115129595798856,166,"D_5__Pseudonocardia","D_1__Actinobacteria","D_0__Bacteria"
"b154ef1308e382698ae878e60be28af5",0.0675447628003418,"b154ef1308e382698ae878e60be28af5",14.1017542108314,0.00167681393030103,7,0.000135722041259501,0.243958425823888,167,NA,"D_1__Actinobacteria","D_0__Bacteria"
"f01a5f290ebb5d276a83dc34015870a6",0.410942454860888,"f01a5f290ebb5d276a83dc34015870a6",593.116588660402,0.00383119061917438,21,0.000138946783381965,0.0828240296167007,168,NA,"D_1__Proteobacteria","D_0__Bacteria"
"bdcd8b38e4609fd481693ce5e40f2996",0.779478788264951,"bdcd8b38e4609fd481693ce5e40f2996",1381.68923273171,0.00605161376924749,33,0.000139664804469274,0.104706028553075,169,NA,"D_1__Proteobacteria","D_0__Bacteria"
"d1f5905f17a2372234a46e6a6b81e502",0.000266167801873978,"d1f5905f17a2372234a46e6a6b81e502",0,0.00104662511826794,1,0.000125454773554134,0.1252090793801,170,"D_5__uncultured","D_1__Cyanobacteria","D_0__Bacteria"
"811b1d27861cbd87561a765e713e8d95",0.033200677670878,"811b1d27861cbd87561a765e713e8d95",30.2334037473559,0.00105606006607267,3,0.000134643866971859,0.12044815012084,171,"D_5__Nostoc PCC-73102","D_1__Cyanobacteria","D_0__Bacteria"
"2b9ed9a2f08652de9fade0f180b22e73",0.820296911552716,"2b9ed9a2f08652de9fade0f180b22e73",881.551304034547,0.0063486401305228,36,0.000140193466984439,0.107345907391325,172,"D_5__Sphingomonas","D_1__Proteobacteria","D_0__Bacteria"
"93d808dce91ae577beff894793c5718a",0.260411987240446,"93d808dce91ae577beff894793c5718a",516.264295169625,0.00333549119341394,15,0.000136332651670075,0.244754780433447,174,"D_5__uncultured","D_1__Cyanobacteria","D_0__Bacteria"
"af060a350130c3c367c172687d3e5a59",0.281744483341332,"af060a350130c3c367c172687d3e5a59",1009.42721604338,0.00309113510162707,14,0.000138638569249965,0.0933738321022936,175,"D_5__Geminicoccus","D_1__Proteobacteria","D_0__Bacteria"
"13ac22eeac70f3d0c5c995dc9ec156a5",0.0899949580139055,"13ac22eeac70f3d0c5c995dc9ec156a5",117.983268632998,0.00181818949385358,7,0.000134898151895319,0.23623812067822,176,"D_5__Trichocoleus SAG 26.92","D_1__Cyanobacteria","D_0__Bacteria"
"b6d8aaf84f853d80e58a458e015862a2",0.0145794862887849,"b6d8aaf84f853d80e58a458e015862a2",2040.21380430996,0.00268705881144957,5,0.000133457894034432,2.81406630942285,177,"D_5__Mastigocladopsis PCC-10914","D_1__Cyanobacteria","D_0__Bacteria"
"7c034176e4c0b18802f84a6162cbac32",0.247942278889424,"7c034176e4c0b18802f84a6162cbac32",1779.51210352064,0.00446296572096142,21,0.000139723347771413,0.120610381693866,178,"D_5__Modestobacter","D_1__Actinobacteria","D_0__Bacteria"
"fe363dc35f8f8f630e7f076bab9beb9e",0.00637816471582441,"fe363dc35f8f8f630e7f076bab9beb9e",38.585225792459,0.00157446455187743,4,0.000130787339785509,0.15477757472834,179,"D_5__Tychonema CCAP 1459-11B","D_1__Cyanobacteria","D_0__Bacteria"
"a84714b2e119a794a34197a141690f87",0.000579854048939095,"a84714b2e119a794a34197a141690f87",357,0.00191186112051443,2,0.000126951885235496,0.353004923568474,180,"D_5__Chroococcidiopsis SAG 2023","D_1__Cyanobacteria","D_0__Bacteria"
"e58f2018f73cf9368879a0301673867e",0.242731747676581,"e58f2018f73cf9368879a0301673867e",64.4319399848801,0.00237797175172942,12,0.0001383700013837,0.552769466468516,181,NA,"D_1__Actinobacteria","D_0__Bacteria"
"8bdfe752a0477f93ea427203528f29af",0.0105397432662771,"8bdfe752a0477f93ea427203528f29af",0,0.000580643850611858,1,0.000133084908171413,0.0913177275097664,182,"D_5__Myxococcus","D_1__Proteobacteria","D_0__Bacteria"
"0a5161887662d1ce0455591da446ab16",0.0232497011176647,"0a5161887662d1ce0455591da446ab16",57.0439867268223,0.00126809929733357,3,0.000132275132275132,0.124758795372539,183,"D_5__uncultured cyanobacterium","D_1__Cyanobacteria","D_0__Bacteria"
"69732ebb0431a824840c9ff295fa3005",0.012016619705039,"69732ebb0431a824840c9ff295fa3005",279.909542359219,0.00381444487216914,16,0.000132996409096954,0.72022637516214,184,NA,"D_1__Cyanobacteria","D_0__Bacteria"
"b408c66bb8f44f0cfeac683e63ef40b3",0.764613067980873,"b408c66bb8f44f0cfeac683e63ef40b3",1987.89111605372,0.00699042030537964,37,0.000139295166457724,0.908698692992312,185,"D_5__Microvirga","D_1__Proteobacteria","D_0__Bacteria"
"2f66b2d1e84fdf4b1e14333d4c643269",0.870691387903655,"2f66b2d1e84fdf4b1e14333d4c643269",853.967865585121,0.00652597884546617,37,0.00013941168269901,0.108920199064531,186,NA,"D_1__Proteobacteria","D_0__Bacteria"
"6b65c5404b283fa075ca26d3d31f01b9",0.000131908197088107,"6b65c5404b283fa075ca26d3d31f01b9",430.842171287464,0.00214510367702462,3,0.000125360411182149,0.095987043565032,187,NA,"D_1__Chloroflexi","D_0__Bacteria"
"91e56093ee2c6a524b539a6ee193786b",0.00207728099735357,"91e56093ee2c6a524b539a6ee193786b",0,0.000743906407716219,1,0.000127388535031847,0.0924531749134655,188,NA,"D_1__Cyanobacteria","D_0__Bacteria"
"2407a313794794a6fd1f0b361bb6f20d",0.0297822315616209,"2407a313794794a6fd1f0b361bb6f20d",0,0.000558600122943689,1,0.00013262599469496,0.551934617579277,189,NA,"D_1__Proteobacteria","D_0__Bacteria"
"4ba50df0b74339a68163971b02bf09ee",0.462690052944624,"4ba50df0b74339a68163971b02bf09ee",2402.74212230263,0.00449571434883141,22,0.000138293458719403,0.252235083568899,190,"D_5__uncultured","D_1__Cyanobacteria","D_0__Bacteria"
"9290d73ed0e9937551673e36ced04ffc",0.223931751777884,"9290d73ed0e9937551673e36ced04ffc",784.960704980945,0.00268400720477814,12,0.000137174211248285,0.474122748760478,192,"D_5__Microcoleus PCC-7113","D_1__Cyanobacteria","D_0__Bacteria"
"e932d4db7c10ed3cd1e1699e67a8f998",0.0874646966702076,"e932d4db7c10ed3cd1e1699e67a8f998",370.419535059308,0.00182733180117548,6,0.000135703623286742,0.106743693259502,193,NA,"D_1__Actinobacteria","D_0__Bacteria"
"633a5143381a2be853afec42b83856c7",0.000544741758183744,"633a5143381a2be853afec42b83856c7",2.33236742973051,0.00209176215351221,5,0.000125423303649818,0.341071499232887,194,NA,"D_1__Proteobacteria","D_0__Bacteria"
"730399263b3c44dae154ddc8feecf441",0.389634028754272,"730399263b3c44dae154ddc8feecf441",668.130063463436,0.00398091641207567,20,0.000137532664007702,0.116173124707342,195,"D_5__Microcoleus SAG 1449-1a","D_1__Cyanobacteria","D_0__Bacteria"
"480e1ef316a23c181c9be627484cd7ed",0.624036669878059,"480e1ef316a23c181c9be627484cd7ed",702.55836460326,0.00538652705175095,29,0.000138677021217584,0.253617927940454,196,NA,"D_1__Cyanobacteria","D_0__Bacteria"
"9850125501739ee2cdce7385b5966e41",0.0624603566943232,"9850125501739ee2cdce7385b5966e41",783.638231171124,0.00289670709610558,9,0.00013575889220744,0.330992768278736,197,"D_5__Geodermatophilus","D_1__Actinobacteria","D_0__Bacteria"
"3d4f712039964ffc607093ad45b2d4f6",0.000576489663988936,"3d4f712039964ffc607093ad45b2d4f6",0,0.00111506440189514,2,0.000128419160138693,0.116984344056029,198,"D_5__Gemmatirosa","D_1__Gemmatimonadetes","D_0__Bacteria"
"01f695d0f2a4090aa14c81239ee7c809",0.0221387349360568,"01f695d0f2a4090aa14c81239ee7c809",1284.87653615632,0.00219483478409485,4,0.000132275132275132,0.0986855723331348,199,"D_5__uncultured bacterium","D_1__Gemmatimonadetes","D_0__Bacteria"
"62b11a8167d4c9d42451bc868d37be28",0.0685637552055188,"62b11a8167d4c9d42451bc868d37be28",32.6193730721514,0.0017037502934362,7,0.000135777325186694,0.101876448898453,200,"D_5__Rhodocytophaga","D_1__Bacteroidetes","D_0__Bacteria"
"OTU1",0.00551820909036059,"OTU1",5.05,0.00158626100706917,3,0.000132187706543291,3.17120349427624,201,"Phoma","Ascomycota","Fungi"
"OTU10",0.171397888524037,"OTU10",373.49423568612,0.00236119187979488,10,0.000136574706364381,0.827034878711967,202,NA,NA,"Fungi"
"OTU100",5.33293970123809e-06,"OTU100",62.4158561513178,0.00279087888058149,11,0.000118175372252423,0.0210024850844627,203,NA,"Ascomycota","Fungi"
"OTU102",0.00378571862934428,"OTU102",355.817207689565,0.00264567517190096,7,0.000131044424059756,0.0187727326058899,204,NA,"Ascomycota","Fungi"
"OTU103",0.00277843523295245,"OTU103",0,0.00204357779237536,10,0.00012685525815045,NA,NA,NA,NA,NA
"OTU104",4.86918414971595e-06,"OTU104",188.080247306174,0.00252525697880804,3,0.000120889748549323,0.0153901043498425,205,NA,"Ascomycota","Fungi"
"OTU105",0.0287166678706798,"OTU105",170.632114118112,0.00208015147809448,6,0.00013294336612603,0.0137709183687001,206,"Naganishia","Basidiomycota","Fungi"
"OTU1067",0.0116762882588807,"OTU1067",317.217400461842,0.00353113095229004,15,0.000132872707945788,NA,NA,NA,NA,NA
"OTU108",4.56214638974298e-17,"OTU108",1,0.00389189189189274,2,7.16835600923284e-06,NA,NA,NA,NA,NA
"OTU11",7.60357731623829e-17,"OTU11",6,0.0036782361483186,3,7.22632115216464e-06,0.923133216550649,207,NA,"Ascomycota","Fungi"
"OTU110",1.18637165300689e-05,"OTU110",54.7631180220992,0.00268672388012752,5,0.000121728545343883,0.00968575411907964,208,NA,"Basidiomycota","Fungi"
"OTU111",4.05312761582849e-05,"OTU111",873.492164325485,0.00131854853780753,2,0.000123107226394189,0.0261480765637192,209,NA,NA,"Fungi"
"OTU113",0.121755155585905,"OTU113",2560.31280236517,0.00350397295757117,18,0.000138389150290617,0.0271814685530009,210,NA,"Ascomycota","Fungi"
"OTU114",3.31617482668911e-05,"OTU114",88.5,0.00227106351021108,5,0.000122804863072578,0.0215909682118516,211,"Placidium","Ascomycota","Fungi"
"OTU115",0.00349643150723334,"OTU115",757.887848421394,0.00322751215360296,7,0.00013005592404734,0.0249832701272354,212,"Westerdykella","Ascomycota","Fungi"
"OTU118",0.000239938570580181,"OTU118",1.5,0.002648263202044,4,0.000122204570450935,0.0383300675393746,213,NA,"Ascomycota","Fungi"
"OTU119",4.37785181845582e-05,"OTU119",0,0.00169954247078941,2,0.000122264335493337,0.00837284426788703,214,NA,"Ascomycota","Fungi"
"OTU12",0.0969220461234299,"OTU12",20.3679394735267,0.00129008809661139,5,0.000135281385281385,0.691988259428513,215,NA,"Ascomycota","Fungi"
"OTU121",0.0028046998223376,"OTU121",82.7339012299139,0.00142021029673856,3,0.000129382843834908,0.0143359792661657,217,NA,"Ascomycota","Fungi"
"OTU123",0.0190296668049113,"OTU123",776.397528484361,0.00345301545384052,18,0.000133120340788072,0.0301771298665986,218,NA,NA,"Fungi"
"OTU124",3.80178865811915e-17,"OTU124",0,0.00250811636293719,2,7.2261644964086e-06,0.0253885658505513,219,"Placidium","Ascomycota","Fungi"
"OTU125",0.0188456196895456,"OTU125",657.300048868716,0.00328560739936036,17,0.000133102622121656,0.0230079330427304,220,NA,"Ascomycota","Fungi"
"OTU127",9.54961205330426e-06,"OTU127",82.091567319687,0.00281317515859096,11,0.00011832919181162,0.0152016013729282,221,NA,"Basidiomycota","Fungi"
"OTU130",8.33707939153215e-05,"OTU130",450.721543771682,0.00311471433083312,4,0.000124285359184688,0.0114029325328403,222,NA,"Ascomycota","Fungi"
"OTU131",0.00147337868506555,"OTU131",26.3950121761543,0.0018780501468608,4,0.000129282482223659,0.0240965187036003,223,NA,"Ascomycota","Fungi"
"OTU132",0.000946497324390929,"OTU132",652.1848414289,0.00225058473700883,3,0.000127226463104326,0.0180167597684077,224,NA,"Ascomycota","Fungi"
"OTU133",0.000314886637613311,"OTU133",546.214285714286,0.00312405477551357,12,0.00012685525815045,0.0106303364288873,225,NA,"Ascomycota","Fungi"
"OTU134",0.00589681631237186,"OTU134",2153.08925313067,0.00362922600423111,14,0.000133636242148871,0.0152018476718007,226,NA,"Ascomycota","Fungi"
"OTU135",4.10683147197952e-05,"OTU135",0,0.00103925362793284,1,0.000122354092744402,0.0108999654061877,227,NA,"Ascomycota","Fungi"
"OTU138",0.000313242792565873,"OTU138",197.814285714285,0.00282674402911372,11,0.000126823081800888,0.0058398101694655,228,NA,"Ascomycota","Fungi"
"OTU139",0.00347883157819214,"OTU139",482.42486098185,0.00251146460497172,6,0.000129819550824354,0.00571456070066529,229,NA,"Basidiomycota","Fungi"
"OTU14",4.03144916561244e-05,"OTU14",357.1,0.00211883110047111,6,0.000121447656060238,0.584199452123706,230,NA,"Basidiomycota","Fungi"
"OTU140",0.00378571862934428,"OTU140",355.817207689565,0.00264567517190028,7,0.000131044424059756,0.004839845124956,231,NA,"Ascomycota","Fungi"
"OTU143",0.000105294334455495,"OTU143",936.548751645658,0.00176542810454082,6,0.0001232741617357,0.021846510815915,232,NA,"Ascomycota","Fungi"
"OTU144",0.00226518941545386,"OTU144",167.899404475736,0.0029346308382108,11,0.000129600829445308,0.0091324096495899,233,NA,"Ascomycota","Fungi"
"OTU147",1.78825734521331e-06,"OTU147",581.771312302056,0.00196212905886916,3,0.000118764845605701,0.00513222242942021,234,"Preussia","Ascomycota","Fungi"
"OTU149",0.0104590844628506,"OTU149",455.8658568879,0.00195102914271483,4,0.000131319763624425,0.00322191487784987,236,NA,"Ascomycota","Fungi"
"OTU15",0.00516881309962365,"OTU15",0.0833333333333333,0.00253283427936639,13,0.000127648710748021,0.435821366295962,237,NA,"Ascomycota","Fungi"
"OTU151",5.33293970123809e-06,"OTU151",62.4158561513178,0.00279087888058076,11,0.000118175372252423,0.00943225378044732,238,NA,"Ascomycota","Fungi"
"OTU152",3.05381682084291e-05,"OTU152",1802.03907181369,0.00359343809644864,7,0.000121936349225704,0.00703143979694619,239,"Preussia","Ascomycota","Fungi"
"OTU153",0.000265698198794914,"OTU153",180.717893217893,0.00306697629674152,5,0.00012482836100362,0.00950748679501546,240,NA,"Basidiomycota","Fungi"
"OTU154",1.8825179813209e-06,"OTU154",0,0.0021278413420226,8,0.000113636363636364,0.0101619740248149,241,NA,"Ascomycota","Fungi"
"OTU155",7.40478402427769e-08,"OTU155",1.5,0.00303506035101081,5,0.000113007119448525,0.00475373252452772,242,"Lophiostoma","Ascomycota","Fungi"
"OTU157",0.00153697521029753,"OTU157",213.960051118127,0.00321243570881408,11,0.000128799587841319,0.0123447928519102,243,NA,"Ascomycota","Fungi"
"OTU158",2.28107319487149e-17,"OTU158",0,0.00205405405405343,1,7.16830462427331e-06,0.0160106625389539,244,NA,NA,"Fungi"
"OTU159",4.85467871426254e-06,"OTU159",11.8286167280237,0.00224472856485686,4,0.000119033448399,0.0162582067914574,245,NA,"Basidiomycota","Fungi"
"OTU16",0.00351598681894457,"OTU16",1684.02632675246,0.00332871745070143,8,0.000130378096479791,0.577139859161006,246,NA,"Ascomycota","Fungi"
"OTU161",0.257507386773087,"OTU161",1169.87936368991,0.00282644087043029,13,0.000137703112090333,0.0122949061765149,247,NA,"Ascomycota","Fungi"
"OTU163",0.000456589571648623,"OTU163",1379.95917463705,0.0027837683279002,6,0.000125376128385155,0.00920679834786225,248,NA,"Ascomycota","Fungi"
"OTU164",3.31617482668911e-05,"OTU164",88.5,0.00227106351021071,5,0.000122804863072578,0.00819416263461839,249,NA,"Ascomycota","Fungi"
"OTU166",7.15064042281133e-08,"OTU166",0,0.00243518246345655,4,0.000112994350282486,0.00667841393088562,250,NA,"Ascomycota","Fungi"
"OTU167",0.0139602158783469,"OTU167",410.165623457964,0.00232790714754075,6,0.000132310134956338,0.0080685946821011,251,NA,"Ascomycota","Fungi"
"OTU17",0.00591037161940203,"OTU17",1535.42676623961,0.00360353446368863,14,0.000133582687683676,0.298976033884375,252,NA,"Basidiomycota","Fungi"
"OTU170",0.0414396334462993,"OTU170",827.033673511394,0.00141331298988473,6,0.000135924969416882,0.00626876419787038,253,NA,"Ascomycota","Fungi"
"OTU173",0.000217888663116804,"OTU173",36.6985935823348,0.00187067350951747,3,0.00012370113805047,0.00448617808439775,254,"Phoma","Ascomycota","Fungi"
"OTU1736",1.46969525510196e-06,"OTU1736",0,0.00180973309532277,2,0.000119161105815062,0.00583334364666776,255,NA,"Ascomycota","Fungi"
"OTU175",0.00141396549884331,"OTU175",97.0894830132658,0.00206612493925786,4,0.000126871352448617,0.00303557406912181,256,NA,"Ascomycota","Fungi"
"OTU18",0.508507244946364,"OTU18",506.351871165622,0.00382424921263203,21,0.000139314572304263,0.161893716285493,257,NA,NA,"Fungi"
"OTU180",0.0052821052883533,"OTU180",3.88845067220543,0.00270774781257245,14,0.000127665007021575,0.0153267666653043,258,NA,"Ascomycota","Fungi"
"OTU181",5.63867226780101e-06,"OTU181",0,0.00194432318694402,4,0.00011768859597505,0.00575145648572588,259,NA,"Ascomycota","Fungi"
"OTU1812",0.319901563779102,"OTU1812",2534.65049040866,0.00420091334392991,22,0.00013978194017333,0.0926310858264854,260,NA,NA,"Fungi"
"OTU185",0.186282819322749,"OTU185",1624.24696705033,0.00491783137129883,25,0.00013933398355859,0.00745485928053806,261,NA,"Ascomycota","Fungi"
"OTU186",0.0183571776838302,"OTU186",666.560972175931,0.00323834107850799,17,0.000133031794598909,0.00597220855723918,262,NA,"Ascomycota","Fungi"
"OTU189",5.33293970123809e-06,"OTU189",62.4158561513178,0.00279087888058,11,0.000118175372252423,0.00779732979183645,263,NA,"Ascomycota","Fungi"
"OTU19",0.000273036869061188,"OTU19",74.5178139071451,0.00247800358726893,4,0.000125093820365274,0.012167958917535,264,NA,NA,"Fungi"
"OTU190",5.33293970123809e-06,"OTU190",62.4158561513178,0.0027908788805796,11,0.000118175372252423,0.00691698610566136,265,NA,"Ascomycota","Fungi"
"OTU191",0.000314886637613311,"OTU191",546.214285714286,0.00312405477551268,12,0.00012685525815045,0.00836253132405801,266,NA,"Ascomycota","Fungi"
"OTU193",0.0564194540380803,"OTU193",645.435883065087,0.00425943123792737,20,0.000135814206165965,0.0119773236928495,267,NA,"Ascomycota","Fungi"
"OTU195",0.000313242792565873,"OTU195",197.814285714285,0.00282674402911234,11,0.000126823081800888,0.00850919329754153,268,NA,"Blastocladiomycota","Fungi"
"OTU20",0.066085729604644,"OTU20",673.713875754067,0.00221049329042058,7,0.000135299688810716,0.602671131735128,271,NA,"Ascomycota","Fungi"
"OTU200",3.80178865811915e-17,"OTU200",0,0.00250811636293525,2,7.2261644964086e-06,0.00510308226168606,272,NA,"Ascomycota","Fungi"
"OTU201",0.036719707157485,"OTU201",207.257991718656,0.00297474790630928,14,0.000134607618791224,0.00480806528441611,273,NA,"Ascomycota","Fungi"
"OTU202",0.0052821052883533,"OTU202",3.88845067220543,0.00270774781257162,14,0.000127665007021575,0.0104586720204908,274,NA,"Ascomycota","Fungi"
"OTU2036",1.44423557836446e-07,"OTU2036",104.009531190614,0.00299879940480445,5,0.000114955742039315,0.0128887813941179,275,"Entoloma","Basidiomycota","Fungi"
"OTU206",0.000106819611079283,"OTU206",0.1,0.00261583962427672,10,0.000121491920787268,0.00622048960296802,277,NA,"Ascomycota","Fungi"
"OTU2075",0.000663002775200411,"OTU2075",1533.36582519349,0.00378678724483977,5,0.000128369704749679,0.493833501357556,278,"Macroventuria","Ascomycota","Fungi"
"OTU209",0.000144793279429647,"OTU209",0,0.000887831912908579,2,0.000123183050012318,0.00522400107510292,279,NA,"Ascomycota","Fungi"
"OTU2094",0.0254008944070418,"OTU2094",119.001969964045,0.00209513381011465,6,0.000132117849121416,0.011434788283826,280,"Aureobasidium","Ascomycota","Fungi"
"OTU21",0.0212146415917717,"OTU21",426.424101794315,0.00138110929404869,3,0.000132643586682584,0.182634936030749,281,NA,"Ascomycota","Fungi"
"OTU210",0.000674989908240359,"OTU210",1765.63394383394,0.00317279057057857,9,0.000128353228083686,0.00359489108297597,282,NA,"Ascomycota","Fungi"
"OTU211",0.00632324863176464,"OTU211",35.6341568762156,0.0022357274816653,9,0.000132485426603074,0.010995768514338,283,NA,"Ascomycota","Fungi"
"OTU212",0.0164108052707095,"OTU212",41.7574587299193,0.00236802859318487,10,0.000133779264214047,0.0164736344326093,284,NA,"Ascomycota","Fungi"
"OTU213",0.000313242792565873,"OTU213",197.814285714285,0.00282674402911136,11,0.000126823081800888,0.00551793540401599,285,NA,"Ascomycota","Fungi"
"OTU215",0.0568935083416598,"OTU215",4206.19575622979,0.00343139931556838,11,0.000135171668018383,0.00584423895298095,286,"Sporormiella","Ascomycota","Fungi"
"OTU2158",2.9446202995753e-05,"OTU2158",0,0.00173799744961618,2,0.00012313754463736,0.0284846133343762,287,"Macroventuria","Ascomycota","Fungi"
"OTU22",0.000253643893009142,"OTU22",0,0.00190800656884164,3,0.000124579544038869,0.20027919625927,288,"Rutstroemia","Ascomycota","Fungi"
"OTU220",0.0164108052707095,"OTU220",41.7574587299193,0.0023680285931845,10,0.000133779264214047,0.0149231747213049,289,NA,"Ascomycota","Fungi"
"OTU226",0.0105202982141183,"OTU226",73.1863808038613,0.00332352063812577,14,0.000130787339785509,0.00604929135822635,291,"Naganishia","Basidiomycota","Fungi"
"OTU227",0.00378571862934428,"OTU227",355.817207689565,0.00264567517189992,7,0.000131044424059756,0.00923970432946146,292,"Crepidotus","Basidiomycota","Fungi"
"OTU23",0.00492372270729817,"OTU23",0,0.0011080011423104,2,0.000131995776135164,0.334972325142584,293,"Alternaria","Ascomycota","Fungi"
"OTU231",0.0052821052883533,"OTU231",3.88845067220543,0.00270774781257076,14,0.000127665007021575,0.00613070666612171,294,NA,"Basidiomycota","Fungi"
"OTU232",0.0797071145427637,"OTU232",6539.14614209807,0.00465779143438453,22,0.000138350857775318,0.192446154371799,295,"Alternaria","Ascomycota","Fungi"
"OTU233",0.0052821052883533,"OTU233",3.88845067220543,0.00270774781257031,14,0.000127665007021575,0.0133067078331178,296,NA,"Ascomycota","Fungi"
"OTU234",0.0364994545302883,"OTU234",319.871523405239,0.00309953927983928,14,0.000135281385281385,0.00467466086921424,297,NA,"Ascomycota","Fungi"
"OTU235",5.33293970123809e-06,"OTU235",62.4158561513178,0.00279087888057919,11,0.000118175372252423,0.00689507583281705,298,NA,"Ascomycota","Fungi"
"OTU238",4.10683147197952e-05,"OTU238",0,0.00103925362793284,1,0.000122354092744402,0.00417393436029798,299,NA,"Ascomycota","Fungi"
"OTU245",0.0602588896148125,"OTU245",3140.3235425689,0.00349388820343539,9,0.000133654103180968,0.00486252094873264,305,NA,"Ascomycota","Fungi"
"OTU246",0.00580137629690517,"OTU246",1225.31184927036,0.00346521753107953,13,0.000133386688008537,0.00409648464862793,306,NA,"Ascomycota","Fungi"
"OTU247",0.00622818656395221,"OTU247",1370.16182866897,0.00339004910989445,13,0.000133779264214047,0.00332958446785841,307,NA,"Ascomycota","Fungi"
"OTU249",0.0748949950253547,"OTU249",721.499912018742,0.00243349573943339,11,0.000136930028755306,0.00481331279532704,308,NA,NA,"Fungi"
"OTU25",0.000130399833488958,"OTU25",0,0.00210309219653617,3,0.000122189638318671,0.213030271916574,309,NA,"Ascomycota","Fungi"
"OTU254",5.33293970123809e-06,"OTU254",62.4158561513178,0.00279087888057877,11,0.000118175372252423,0.0035256774345264,310,NA,"Basidiomycota","Fungi"
"OTU255",0.000108463456126661,"OTU255",2.5,0.00291323975082835,11,0.000121521448535667,0.00564055222180517,311,NA,NA,"Fungi"
"OTU257",0.000104214071399174,"OTU257",2.4,0.00268235361672833,10,0.000121506682867558,0.00452437190877706,312,NA,"Ascomycota","Fungi"
"OTU258",0.0186061394459147,"OTU258",145.011950067705,0.00236120795556201,10,0.000134246207544637,0.00404215944930889,313,NA,NA,"Fungi"
"OTU259",0.00269702715552049,"OTU259",1237,0.00302649355795113,5,0.000127713920817369,0.00602480044819871,314,NA,"Ascomycota","Fungi"
"OTU26",0.00790516301856344,"OTU26",102.361208882519,0.00294192376046115,12,0.000132555673382821,0.337115343475953,315,NA,"Basidiomycota","Fungi"
"OTU260",0.000313242792565873,"OTU260",197.814285714285,0.00282674402911031,11,0.000126823081800888,NA,NA,NA,NA,NA
"OTU263",0.00585429204324729,"OTU263",617.417695783517,0.00337655187919754,13,0.000133440085401655,0.00370628642793181,317,NA,"Ascomycota","Fungi"
"OTU268",6.23274679904797e-08,"OTU268",0,0.00140791029115541,2,0.000112968820605513,0.00388260231099069,318,NA,"Ascomycota","Fungi"
"OTU27",9.54961205330426e-06,"OTU27",82.091567319687,0.00281317515858854,11,0.00011832919181162,0.171904541608834,319,NA,"Ascomycota","Fungi"
"OTU272",5.5527728197817e-06,"OTU272",0,0.00102583236125046,1,0.000117096018735363,NA,NA,NA,NA,NA
"OTU275",0.00113070964103543,"OTU275",136.507550458287,0.00124777928344976,2,0.00012701638511368,0.00491065273456807,320,NA,"Ascomycota","Fungi"
"OTU279",6.32949984682794e-06,"OTU279",0,0.00115313139849126,1,0.000119033448399,0.00343595382078065,321,NA,"Ascomycota","Fungi"
"OTU28",0.00633193593658473,"OTU28",1830.94146658021,0.00391073270743455,15,0.000133850890108419,0.00976097042360618,322,NA,"Ascomycota","Fungi"
"OTU281",0.00506242704613107,"OTU281",4492.02143405019,0.00316570275722915,13,0.000132555673382821,0.00396904478520626,323,"Acarospora","Ascomycota","Fungi"
"OTU283",0.0164108052707095,"OTU283",41.7574587299193,0.00236802859318412,10,0.000133779264214047,0.00833372094826116,324,NA,NA,"Fungi"
"OTU29",0.000148898372246647,"OTU29",357,0.00177207387879948,2,0.000124316260566882,0.277874859952178,325,NA,"Basidiomycota","Fungi"
"OTU293",0.0119364604518146,"OTU293",595.54147745838,0.00307449876966208,16,0.00013271400132714,0.00513243227828888,326,NA,"Ascomycota","Fungi"
"OTU298",0.000505936083730947,"OTU298",0,0.00171938123586111,4,0.000125234815278647,0.00776347288973154,327,"Neophaeosphaeria","Ascomycota","Fungi"
"OTU3",0.00555972342075389,"OTU3",13.717102260054,0.00138300857083002,3,0.000130872922392357,0.695280654492731,328,NA,"Basidiomycota","Fungi"
"OTU30",0.00543545149141717,"OTU30",1697.23205658955,0.00273667428204841,5,0.000130327121073895,0.0599013585097979,329,NA,"Ascomycota","Fungi"
"OTU302",0.000313242792565873,"OTU302",197.814285714285,0.00282674402910977,11,0.000126823081800888,0.00623646403828055,330,NA,"Ascomycota","Fungi"
"OTU305",0.0052821052883533,"OTU305",3.88845067220543,0.00270774781256938,14,0.000127665007021575,0.00476832740698356,331,NA,"Ascomycota","Fungi"
"OTU306",0.00697182859649702,"OTU306",241.085751132238,0.00290760201306311,15,0.000130718954248366,0.0057299662864513,332,NA,"Basidiomycota","Fungi"
"OTU307",6.55206723079634e-05,"OTU307",2890.55008840318,0.00281923251123071,11,0.000123198225945546,0.00337604783707877,333,NA,"Ascomycota","Fungi"
"OTU32",0.00013062625078272,"OTU32",357,0.00294509346470144,4,0.000122204570450935,0.122837606050214,335,NA,"Ascomycota","Fungi"
"OTU323",0.00731208451731599,"OTU323",53.6220287588552,0.00243317986313265,10,0.000132661183337755,0.00439507817734112,336,NA,NA,"Fungi"
"OTU324",9.626372735013e-06,"OTU324",199.506343837336,0.00304122025025144,12,0.000118343195266272,0.170525366588546,337,NA,"Ascomycota","Fungi"
"OTU328",0.0115511385450914,"OTU328",2.6464234165963,0.00175397570954929,7,0.000132345156167284,NA,NA,NA,NA,NA
"OTU34",0.00191984336437013,"OTU34",5.24426783947657,0.00286926005213714,11,0.000128254456842375,0.160700600090316,339,NA,"Ascomycota","Fungi"
"OTU342",0.00880554504068408,"OTU342",0,0.00092125372447911,2,0.000129886998311469,0.00609423607701545,340,NA,"Ascomycota","Fungi"
"OTU347",0.00718229914962429,"OTU347",0,0.000608750238578794,1,0.000130480167014614,0.00417927953476919,341,"Acarospora","Ascomycota","Fungi"
"OTU35",4.56214638974298e-17,"OTU35",1,0.00389189189189274,2,7.16835600923284e-06,0.0374906454488335,342,NA,"Ascomycota","Fungi"
"OTU363",1.90089432905957e-17,"OTU363",0,0.00266666666666789,1,7.14918928193543e-06,0.0329387933462391,343,NA,"Ascomycota","Fungi"
"OTU38",1.39217520252989e-06,"OTU38",1497.06837566352,0.00405135320044623,7,0.000117702448210923,0.0342844037556049,344,NA,"Ascomycota","Fungi"
"OTU39",0.0105800988732809,"OTU39",196.169614715404,0.00360858477211965,15,0.000131078778345786,0.112009000337143,346,NA,"Basidiomycota","Fungi"
"OTU4",2.97046742077159e-05,"OTU4",549.386216612834,0.00326702879055192,4,0.000123655249165327,0.718873528050408,347,NA,"Ascomycota","Fungi"
"OTU40",0.00100742714922165,"OTU40",804.232861592446,0.00256377467014183,8,0.000128435653737478,0.113605590415945,348,NA,"Ascomycota","Fungi"
"OTU41",0.0428228343395761,"OTU41",509.692102195902,0.00244025136051056,10,0.000135961930659415,0.193414408321786,349,NA,"Ascomycota","Fungi"
"OTU42",2.25890543085819e-05,"OTU42",0,0.0014427719408929,2,0.000119517150711127,0.0827342634603777,350,NA,"Ascomycota","Fungi"
"OTU43",3.31617482668911e-05,"OTU43",88.5,0.00227106351020991,5,0.000122804863072578,0.0500754383226679,352,NA,"Ascomycota","Fungi"
"OTU44",2.46489337563077e-05,"OTU44",0,0.00121254097622008,1,0.000121447656060238,0.053470511905579,354,"Preussia","Ascomycota","Fungi"
"OTU45",4.30771372920627e-05,"OTU45",989.752852876648,0.00240934756215447,4,0.000123319768158836,0.0503964230888808,355,NA,"Basidiomycota","Fungi"
"OTU46",0.00376557546956843,"OTU46",550.179682393028,0.00253229578016728,5,0.000128073770491803,0.0637342972603111,356,NA,"Basidiomycota","Fungi"
"OTU480",0.000641775440130249,"OTU480",432.701104855616,0.0017277511217147,5,0.000129366106080207,NA,NA,NA,NA,NA
"OTU5",0.000456210227830232,"OTU5",87.571627647963,0.00134116945512304,2,0.000125707102451288,0.729259033425224,357,NA,"Basidiomycota","Fungi"
"OTU50",0.000951690088671804,"OTU50",1207.42385291613,0.00255961391383392,6,0.00012809017548354,0.0155149602980487,358,NA,"Ascomycota","Fungi"
"OTU51",2.66129910118773e-06,"OTU51",0.25,0.00257021927945545,10,0.000113662195953626,0.0659146394314998,359,NA,"Ascomycota","Fungi"
"OTU52",0.178429450311936,"OTU52",1230.16037240812,0.00453131196829225,17,0.000136147038801906,0.0507852579488796,360,"Alternaria","Ascomycota","Fungi"
"OTU53",0.000929993690191256,"OTU53",137.272187044308,0.00143506813160475,2,0.000127242651736862,0.20807991808036,361,"Didymella","Ascomycota","Fungi"
"OTU54",0.00202359273700268,"OTU54",13.3386476326933,0.00338995915332075,13,0.000128369704749679,0.043785749066503,362,NA,"Ascomycota","Fungi"
"OTU55",0.0646649595556512,"OTU55",1747.35135980296,0.00321481279513894,14,0.000137950062077528,0.0733656244359773,363,"Gibberella","Ascomycota","Fungi"
"OTU57",0.00268638367675515,"OTU57",176.5,0.00180723816561117,3,0.000127665007021575,0.00938614442410422,364,NA,"Ascomycota","Fungi"
"OTU58",0.00351507052857885,"OTU58",980.664231199875,0.00354417483849018,8,0.000130361100247686,0.058198289240986,365,NA,"Ascomycota","Fungi"
"OTU59",0.000966111914163164,"OTU59",2170.37248267455,0.00376031545841975,5,0.000127942681678608,0.0505183661743353,367,NA,"Ascomycota","Fungi"
"OTU6",1.90089432905957e-17,"OTU6",0,0.00266666666666585,1,7.14918928193543e-06,0.0758607077104709,368,"Entoloma","Basidiomycota","Fungi"
"OTU60",0.0280867662953199,"OTU60",780.551652251494,0.00346882011465548,14,0.000135208220659816,0.050497160945104,369,NA,"Ascomycota","Fungi"
"OTU61",0.000104214071399174,"OTU61",2.4,0.00268235361672715,10,0.000121506682867558,0.0815682003708977,370,NA,"Basidiomycota","Fungi"
"OTU62",2.28107319487149e-17,"OTU62",0,0.00205405405405343,1,7.16830462427331e-06,0.0240855230438075,371,NA,"Ascomycota","Fungi"
"OTU63",0.0358485511307434,"OTU63",407.008309168219,0.00202214556057991,6,0.000134770889487871,0.0737483764795061,372,NA,"Ascomycota","Fungi"
"OTU64",0.0104456125526702,"OTU64",1438.11098895728,0.00263387811204708,8,0.000133707714935152,0.0424294554321886,373,NA,"Ascomycota","Fungi"
"OTU67",0.00451366502482875,"OTU67",2.49301425592967,0.00254167966932559,13,0.000127648710748021,0.023250044295053,374,NA,"Ascomycota","Fungi"
"OTU693",0.00758483226763217,"OTU693",0,0.00062656559841611,1,0.000129836406128278,0.0213508546739974,375,"Phoma","Ascomycota","Fungi"
"OTU7",0.0133440039759273,"OTU7",0,0.00077497971792445,2,0.00013250298131708,0.953132527740024,376,"Placidium","Ascomycota","Fungi"
"OTU71",0.00160707086424543,"OTU71",0.736111111111111,0.00239829938828955,9,0.000128188693757211,0.025063494495492,377,NA,"Ascomycota","Fungi"
"OTU72",1.90089432905957e-17,"OTU72",0,0.00266666666666585,1,7.14918928193543e-06,0.0479636915731025,378,"Thyrostroma","Ascomycota","Fungi"
"OTU73",0.0102467371436708,"OTU73",357.983065887237,0.00287471183902058,15,0.000132310134956338,0.113441583379773,379,NA,"Ascomycota","Fungi"
"OTU74",0.0561869587654124,"OTU74",1270.83847788033,0.00350488204112219,16,0.000136332651670075,0.0759081787332505,380,"Neostagonospora","Ascomycota","Fungi"
"OTU75",0.0690377519138858,"OTU75",2291.49838568952,0.0028202877585254,10,0.00013700506918756,0.0313122849829798,381,NA,"Basidiomycota","Fungi"
"OTU76",0.00186921550637013,"OTU76",262.798168927045,0.0036644437393917,13,0.000128832775057975,0.0240362531129245,382,NA,"Ascomycota","Fungi"
"OTU78",0.00521489480362669,"OTU78",933.377569860434,0.00110715829601233,3,0.000134517083669626,0.0181420872564122,383,"Naganishia","Basidiomycota","Fungi"
"OTU79",0.000265698198794914,"OTU79",180.717893217893,0.00306697629674037,5,0.00012482836100362,0.0345055830918643,384,NA,"Ascomycota","Fungi"
"OTU8",2.28107319487149e-17,"OTU8",0,0.00205405405405343,1,7.16830462427331e-06,0.346749401333379,385,"Sporormia","Ascomycota","Fungi"
"OTU80",2.28107319487149e-17,"OTU80",0,0.00205405405405343,1,7.16830462427331e-06,0.0133699589874781,386,NA,"Ascomycota","Fungi"
"OTU81",0.0164924650917205,"OTU81",279.791602112973,0.0012695081441352,5,0.000134789055128724,0.0363768098556084,387,"Coniosporium","Ascomycota","Fungi"
"OTU83",0.0264631293750871,"OTU83",517.452902702062,0.00190214533998645,5,0.000132030631106417,0.00834738051118656,388,"Coniochaeta","Ascomycota","Fungi"
"OTU84",0.0232730352558082,"OTU84",334.192421939154,0.00171213029724945,5,0.000134952766531714,0.0548726241685015,389,NA,"Ascomycota","Fungi"
"OTU86",7.15064042281133e-08,"OTU86",0,0.00243518246345562,4,0.000112994350282486,0.0125659404915854,391,NA,NA,"Fungi"
"OTU87",0.0641635842001693,"OTU87",248.135632587223,0.00207963109570028,7,0.00013457139012246,0.0298159173123245,392,NA,"Ascomycota","Fungi"
"OTU882",0.00473771258564543,"OTU882",58.4746320325011,0.00134858040201671,3,0.000130344108446298,0.0105521034094294,393,NA,"Ascomycota","Fungi"
"OTU89",0.02251872326916,"OTU89",2191.86854258998,0.00148136872472688,3,0.000132802124833997,NA,NA,NA,NA,NA
"OTU9",3.31617482668911e-05,"OTU9",88.5,0.00227106351020947,5,0.000122804863072578,0.534303829657934,394,"Placidium","Ascomycota","Fungi"
"OTU91",0.000229438572836114,"OTU91",3.68758751373463,0.00179956599325183,3,0.000123046634674542,0.0112715863392153,395,NA,"Mucoromycota","Fungi"
"OTU92",2.87249081100292e-05,"OTU92",75.7761899508989,0.00258619466886789,5,0.000120641814452889,0.0194299498813619,396,NA,"Basidiomycota","Fungi"
"OTU95",0.0103386576334111,"OTU95",1480.33833497863,0.00255310925465097,7,0.000134066228716986,0.014794963860454,397,NA,"Ascomycota","Fungi"
"OTU96",0.00397122130997516,"OTU96",76.3625941597498,0.0018493266205914,7,0.000131027253668763,0.0183031803894045,398,NA,"Ascomycota","Fungi"
"OTU99",0.0052821052883533,"OTU99",3.88845067220543,0.00270774781256741,14,0.000127665007021575,0.0416407653487243,400,NA,"Ascomycota","Fungi"
